measurement_id,sensor_id,location_id,location,latitude,longitude,epoch,duration,parameter,value,units
2001,2000855,947312,Canyon ES (2795),34.03213,-118.51198,2022-02-18 01:54:32,0 days 00:03:00,pm25,-0.290657149538752,µg/m³
2002,2000855,947312,Canyon ES (2795),34.03213,-118.51198,2022-02-18 02:00:15,0 days 00:03:00,pm25,-0.9017024144633964,µg/m³
2003,2000855,947312,Canyon ES (2795),34.03213,-118.51198,2022-02-18 02:05:59,0 days 00:03:00,pm25,-0.49762409411000247,µg/m³
2004,2000855,947312,Canyon ES (2795),34.03213,-118.51198,2022-02-18 02:11:42,0 days 00:03:00,pm25,-0.35964613106250204,µg/m³
2005,2000855,947312,Canyon ES (2795),34.03213,-118.51198,2022-02-18 02:17:26,0 days 00:03:00,pm25,-0.5321185848718777,µg/m³
2006,2000855,947312,Canyon ES (2795),34.03213,-118.51198,2022-02-18 02:23:10,0 days 00:03:00,pm25,-0.7390855294431281,µg/m³
2007,2000855,947312,Canyon ES (2795),34.03213,-118.51198,2022-02-18 02:28:56,0 days 00:03:00,pm25,-0.7243021762594672,µg/m³
2008,2000855,947312,Canyon ES (2795),34.03213,-118.51198,2022-02-18 02:34:40,0 days 00:03:00,pm25,-0.6257464883683955,µg/m³
2009,2000855,947312,Canyon ES (2795),34.03213,-118.51198,2022-02-18 02:40:24,0 days 00:03:00,pm25,-0.7390855294431281,µg/m³
2010,2000855,947312,Canyon ES (2795),34.03213,-118.51198,2022-02-18 02:46:11,0 days 00:03:00,pm25,-0.7686522358104495,µg/m³
2011,2000855,947312,Canyon ES (2795),34.03213,-118.51198,2022-02-18 02:51:55,0 days 00:03:00,pm25,0.23661578067848152,µg/m³
2012,2000855,947312,Canyon ES (2795),34.03213,-118.51198,2022-02-18 02:57:42,0 days 00:03:00,pm25,-0.45820181895357376,µg/m³
2013,2000855,947312,Canyon ES (2795),34.03213,-118.51198,2022-02-18 03:03:25,0 days 00:03:00,pm25,-0.2955849339333055,µg/m³
2014,2000855,947312,Canyon ES (2795),34.03213,-118.51198,2022-02-18 03:09:09,0 days 00:03:00,pm25,-0.08861798936205503,µg/m³
2015,2000855,947312,Canyon ES (2795),34.03213,-118.51198,2022-02-18 03:14:50,0 days 00:03:00,pm25,0.12820452399830237,µg/m³
2016,2000855,947312,Canyon ES (2795),34.03213,-118.51198,2022-02-18 03:20:34,0 days 00:03:00,pm25,-0.6060353507901812,µg/m³
2017,2000855,947312,Canyon ES (2795),34.03213,-118.51198,2022-02-18 03:26:21,0 days 00:03:00,pm25,-0.039340145416519375,µg/m³
2018,2000855,947312,Canyon ES (2795),34.03213,-118.51198,2022-02-18 03:32:08,0 days 00:03:00,pm25,-0.2561626587768768,µg/m³
2019,2000855,947312,Canyon ES (2795),34.03213,-118.51198,2022-02-18 03:37:52,0 days 00:03:00,pm25,-0.6208187039738421,µg/m³
2020,2000855,947312,Canyon ES (2795),34.03213,-118.51198,2022-02-18 03:43:33,0 days 00:03:00,pm25,-0.35471834666794855,µg/m³
2021,2000855,947312,Canyon ES (2795),34.03213,-118.51198,2022-02-18 03:49:14,0 days 00:03:00,pm25,-0.5666130756337525,µg/m³
2022,2000855,947312,Canyon ES (2795),34.03213,-118.51198,2022-02-18 03:54:58,0 days 00:03:00,pm25,-0.09847355815116242,µg/m³
2023,2000855,947312,Canyon ES (2795),34.03213,-118.51198,2022-02-18 04:00:39,0 days 00:03:00,pm25,-0.3990684062189307,µg/m³
2024,2000855,947312,Canyon ES (2795),34.03213,-118.51198,2022-02-18 04:06:20,0 days 00:03:00,pm25,-0.11325691133482287,µg/m³
2025,2000855,947312,Canyon ES (2795),34.03213,-118.51198,2022-02-18 04:12:01,0 days 00:03:00,pm25,-0.06890685178384068,µg/m³
2026,2000855,947312,Canyon ES (2795),34.03213,-118.51198,2022-02-18 04:17:42,0 days 00:03:00,pm25,-0.19702924604223374,µg/m³
2027,2000855,947312,Canyon ES (2795),34.03213,-118.51198,2022-02-18 04:23:23,0 days 00:03:00,pm25,-0.06890685178384068,µg/m³
2028,2000855,947312,Canyon ES (2795),34.03213,-118.51198,2022-02-18 04:29:07,0 days 00:03:00,pm25,-0.08369020496750156,µg/m³
2029,2000855,947312,Canyon ES (2795),34.03213,-118.51198,2022-02-18 04:34:51,0 days 00:03:00,pm25,0.48793278480071417,µg/m³
2030,2000855,947312,Canyon ES (2795),34.03213,-118.51198,2022-02-18 04:40:32,0 days 00:03:00,pm25,0.10849338642008803,µg/m³
2031,2000855,947312,Canyon ES (2795),34.03213,-118.51198,2022-02-18 04:46:13,0 days 00:03:00,pm25,-0.20688481483134114,µg/m³
2032,2000855,947312,Canyon ES (2795),34.03213,-118.51198,2022-02-18 04:51:57,0 days 00:03:00,pm25,-0.06890685178384068,µg/m³
2033,2000855,947312,Canyon ES (2795),34.03213,-118.51198,2022-02-18 04:57:38,0 days 00:03:00,pm25,-0.34486277787884156,µg/m³
2034,2000855,947312,Canyon ES (2795),34.03213,-118.51198,2022-02-18 05:03:19,0 days 00:03:00,pm25,0.0542877580799989,µg/m³
2035,2000855,947312,Canyon ES (2795),34.03213,-118.51198,2022-02-18 05:09:03,0 days 00:03:00,pm25,-0.2955849339333055,µg/m³
2036,2000855,947312,Canyon ES (2795),34.03213,-118.51198,2022-02-18 05:14:50,0 days 00:03:00,pm25,-0.07383463617839416,µg/m³
2037,2000855,947312,Canyon ES (2795),34.03213,-118.51198,2022-02-18 05:20:31,0 days 00:03:00,pm25,0.05921554247455238,µg/m³
2038,2000855,947312,Canyon ES (2795),34.03213,-118.51198,2022-02-18 05:26:12,0 days 00:03:00,pm25,7.460747703094033,µg/m³
2039,2000855,947312,Canyon ES (2795),34.03213,-118.51198,2022-02-18 05:31:53,0 days 00:03:00,pm25,2.355563070336522,µg/m³
2040,2000855,947312,Canyon ES (2795),34.03213,-118.51198,2022-02-18 05:37:34,0 days 00:03:00,pm25,3.1045862983086665,µg/m³
2041,2000855,947312,Canyon ES (2795),34.03213,-118.51198,2022-02-18 05:43:16,0 days 00:03:00,pm25,0.8821555363650008,µg/m³
2042,2000855,947312,Canyon ES (2795),34.03213,-118.51198,2022-02-18 05:48:57,0 days 00:03:00,pm25,-0.28080158074964506,µg/m³
2043,2000855,947312,Canyon ES (2795),34.03213,-118.51198,2022-02-18 05:54:38,0 days 00:03:00,pm25,-0.5666130756337525,µg/m³
2044,2000855,947312,Canyon ES (2795),34.03213,-118.51198,2022-02-18 06:00:29,0 days 00:03:00,pm25,-0.2265959524095555,µg/m³
2045,2000855,947312,Canyon ES (2795),34.03213,-118.51198,2022-02-18 06:06:10,0 days 00:03:00,pm25,0.4238715876715176,µg/m³
2046,2000855,947312,Canyon ES (2795),34.03213,-118.51198,2022-02-18 06:11:51,0 days 00:03:00,pm25,-0.3300794246951807,µg/m³
2047,2000855,947312,Canyon ES (2795),34.03213,-118.51198,2022-02-18 06:17:32,0 days 00:03:00,pm25,-0.6158909195792885,µg/m³
2048,2000855,947312,Canyon ES (2795),34.03213,-118.51198,2022-02-18 06:23:13,0 days 00:03:00,pm25,-0.4729851721372346,µg/m³
2049,2000855,947312,Canyon ES (2795),34.03213,-118.51198,2022-02-18 06:28:54,0 days 00:03:00,pm25,-0.43356289698080597,µg/m³
2050,2000855,947312,Canyon ES (2795),34.03213,-118.51198,2022-02-18 06:34:38,0 days 00:03:00,pm25,-0.7292299606540208,µg/m³
2051,2000855,947312,Canyon ES (2795),34.03213,-118.51198,2022-02-18 06:40:19,0 days 00:03:00,pm25,-0.6848799011030385,µg/m³
2052,2000855,947312,Canyon ES (2795),34.03213,-118.51198,2022-02-18 06:46:00,0 days 00:03:00,pm25,-0.49762409411000247,µg/m³
2053,2000855,947312,Canyon ES (2795),34.03213,-118.51198,2022-02-18 06:51:41,0 days 00:03:00,pm25,3.7895483291516148,µg/m³
2054,2000855,947312,Canyon ES (2795),34.03213,-118.51198,2022-02-18 06:57:25,0 days 00:03:00,pm25,-0.5419741536609847,µg/m³
2055,2000855,947312,Canyon ES (2795),34.03213,-118.51198,2022-02-18 07:03:09,0 days 00:03:00,pm25,-0.3842850530352703,µg/m³
2056,2000855,947312,Canyon ES (2795),34.03213,-118.51198,2022-02-18 07:08:51,0 days 00:03:00,pm25,-0.6700965479193781,µg/m³
2057,2000855,947312,Canyon ES (2795),34.03213,-118.51198,2022-02-18 07:14:32,0 days 00:03:00,pm25,-0.32022385590607333,µg/m³
2058,2000855,947312,Canyon ES (2795),34.03213,-118.51198,2022-02-18 07:20:13,0 days 00:03:00,pm25,-0.7390855294431281,µg/m³
2059,2000855,947312,Canyon ES (2795),34.03213,-118.51198,2022-02-18 07:25:54,0 days 00:03:00,pm25,-1.0199692399326823,µg/m³
2060,2000855,947312,Canyon ES (2795),34.03213,-118.51198,2022-02-18 07:31:35,0 days 00:03:00,pm25,-0.9559080428034857,µg/m³
2061,2000855,947312,Canyon ES (2795),34.03213,-118.51198,2022-02-18 07:37:17,0 days 00:03:00,pm25,-1.1579472029801827,µg/m³
2062,2000855,947312,Canyon ES (2795),34.03213,-118.51198,2022-02-18 07:42:58,0 days 00:03:00,pm25,-1.0840304370618787,µg/m³
2063,2000855,947312,Canyon ES (2795),34.03213,-118.51198,2022-02-18 07:48:39,0 days 00:03:00,pm25,-1.1333082810074147,µg/m³
2064,2000855,947312,Canyon ES (2795),34.03213,-118.51198,2022-02-18 07:54:20,0 days 00:03:00,pm25,-1.1135971434292005,µg/m³
2065,2000855,947312,Canyon ES (2795),34.03213,-118.51198,2022-02-18 08:00:01,0 days 00:03:00,pm25,-1.202297262531165,µg/m³
2066,2000855,947312,Canyon ES (2795),34.03213,-118.51198,2022-02-18 08:05:42,0 days 00:03:00,pm25,-0.9904025335653608,µg/m³
2067,2000855,947312,Canyon ES (2795),34.03213,-118.51198,2022-02-18 08:11:24,0 days 00:03:00,pm25,-1.0791026526673253,µg/m³
2068,2000855,947312,Canyon ES (2795),34.03213,-118.51198,2022-02-18 08:17:08,0 days 00:03:00,pm25,-1.1382360654019683,µg/m³
2069,2000855,947312,Canyon ES (2795),34.03213,-118.51198,2022-02-18 08:22:52,0 days 00:03:00,pm25,-1.2565028908712543,µg/m³
2070,2000855,947312,Canyon ES (2795),34.03213,-118.51198,2022-02-18 08:28:33,0 days 00:03:00,pm25,-1.3205640880004508,µg/m³
2071,2000855,947312,Canyon ES (2795),34.03213,-118.51198,2022-02-18 08:34:14,0 days 00:03:00,pm25,-1.2565028908712543,µg/m³
2072,2000855,947312,Canyon ES (2795),34.03213,-118.51198,2022-02-18 08:39:56,0 days 00:03:00,pm25,-1.153019418585629,µg/m³
2073,2000855,947312,Canyon ES (2795),34.03213,-118.51198,2022-02-18 08:45:37,0 days 00:03:00,pm25,-1.389553069524201,µg/m³
2074,2000855,947312,Canyon ES (2795),34.03213,-118.51198,2022-02-18 08:51:18,0 days 00:03:00,pm25,-1.3402752255786652,µg/m³
2075,2000855,947312,Canyon ES (2795),34.03213,-118.51198,2022-02-18 08:57:03,0 days 00:03:00,pm25,-1.2269361845039328,µg/m³
2076,2000855,947312,Canyon ES (2795),34.03213,-118.51198,2022-02-18 09:02:44,0 days 00:03:00,pm25,-1.3156363036058973,µg/m³
2077,2000855,947312,Canyon ES (2795),34.03213,-118.51198,2022-02-18 09:08:25,0 days 00:03:00,pm25,-1.3402752255786652,µg/m³
2078,2000855,947312,Canyon ES (2795),34.03213,-118.51198,2022-02-18 09:14:07,0 days 00:03:00,pm25,-1.3402752255786652,µg/m³
2079,2000855,947312,Canyon ES (2795),34.03213,-118.51198,2022-02-18 09:19:49,0 days 00:03:00,pm25,-1.4683976198370585,µg/m³
2080,2000855,947312,Canyon ES (2795),34.03213,-118.51198,2022-02-18 09:25:30,0 days 00:03:00,pm25,-1.2909973816331295,µg/m³
2081,2000855,947312,Canyon ES (2795),34.03213,-118.51198,2022-02-18 09:31:12,0 days 00:03:00,pm25,-1.3008529504222364,µg/m³
2082,2000855,947312,Canyon ES (2795),34.03213,-118.51198,2022-02-18 09:36:56,0 days 00:03:00,pm25,-1.3156363036058973,µg/m³
2083,2000855,947312,Canyon ES (2795),34.03213,-118.51198,2022-02-18 09:42:37,0 days 00:03:00,pm25,-1.3698419319459867,µg/m³
2084,2000855,947312,Canyon ES (2795),34.03213,-118.51198,2022-02-18 09:48:21,0 days 00:03:00,pm25,-1.483180973020719,µg/m³
2085,2000855,947312,Canyon ES (2795),34.03213,-118.51198,2022-02-18 09:54:03,0 days 00:03:00,pm25,-1.532458816966255,µg/m³
2086,2000855,947312,Canyon ES (2795),34.03213,-118.51198,2022-02-18 09:59:44,0 days 00:03:00,pm25,-1.6359422892518802,µg/m³
2087,2000855,947312,Canyon ES (2795),34.03213,-118.51198,2022-02-18 10:05:27,0 days 00:03:00,pm25,-0.9756191803817001,µg/m³
2088,2000855,947312,Canyon ES (2795),34.03213,-118.51198,2022-02-18 10:11:08,0 days 00:03:00,pm25,-1.3599863631568796,µg/m³
2089,2000855,947312,Canyon ES (2795),34.03213,-118.51198,2022-02-18 10:16:49,0 days 00:03:00,pm25,-1.3796975007350938,µg/m³
2090,2000855,947312,Canyon ES (2795),34.03213,-118.51198,2022-02-18 10:22:31,0 days 00:03:00,pm25,-1.4585420510479512,µg/m³
2091,2000855,947312,Canyon ES (2795),34.03213,-118.51198,2022-02-18 10:28:12,0 days 00:03:00,pm25,-1.330419656789558,µg/m³
2092,2000855,947312,Canyon ES (2795),34.03213,-118.51198,2022-02-18 10:33:52,0 days 00:03:00,pm25,-1.3599863631568796,µg/m³
2093,2000855,947312,Canyon ES (2795),34.03213,-118.51198,2022-02-18 10:39:33,0 days 00:03:00,pm25,-1.2220084001093794,µg/m³
2094,2000855,947312,Canyon ES (2795),34.03213,-118.51198,2022-02-18 10:45:14,0 days 00:03:00,pm25,-1.5275310325717015,µg/m³
2095,2000855,947312,Canyon ES (2795),34.03213,-118.51198,2022-02-18 10:50:56,0 days 00:03:00,pm25,-1.532458816966255,µg/m³
2096,2000855,947312,Canyon ES (2795),34.03213,-118.51198,2022-02-18 10:56:37,0 days 00:03:00,pm25,-1.5028921105989335,µg/m³
2097,2000855,947312,Canyon ES (2795),34.03213,-118.51198,2022-02-18 11:02:18,0 days 00:03:00,pm25,-1.438830913469737,µg/m³
2098,2000855,947312,Canyon ES (2795),34.03213,-118.51198,2022-02-18 11:07:59,0 days 00:03:00,pm25,-1.389553069524201,µg/m³
2099,2000855,947312,Canyon ES (2795),34.03213,-118.51198,2022-02-18 11:13:40,0 days 00:03:00,pm25,-1.3649141475514333,µg/m³
2100,2000855,947312,Canyon ES (2795),34.03213,-118.51198,2022-02-18 11:19:21,0 days 00:03:00,pm25,-1.23679175329304,µg/m³
2101,2000855,947312,Canyon ES (2795),34.03213,-118.51198,2022-02-18 11:25:03,0 days 00:03:00,pm25,-1.2663584596603614,µg/m³
2102,2000855,947312,Canyon ES (2795),34.03213,-118.51198,2022-02-18 11:30:43,0 days 00:03:00,pm25,-1.1234527122183076,µg/m³
2103,2000855,947312,Canyon ES (2795),34.03213,-118.51198,2022-02-18 11:36:25,0 days 00:03:00,pm25,-1.1628749873747362,µg/m³
2104,2000855,947312,Canyon ES (2795),34.03213,-118.51198,2022-02-18 11:42:05,0 days 00:03:00,pm25,-1.2811418128440224,µg/m³
2105,2000855,947312,Canyon ES (2795),34.03213,-118.51198,2022-02-18 11:47:46,0 days 00:03:00,pm25,-1.2072250469257184,µg/m³
2106,2000855,947312,Canyon ES (2795),34.03213,-118.51198,2022-02-18 11:53:27,0 days 00:03:00,pm25,-0.9115579832525034,µg/m³
2107,2000855,947312,Canyon ES (2795),34.03213,-118.51198,2022-02-18 11:59:08,0 days 00:03:00,pm25,-1.187513909347504,µg/m³
2108,2000855,947312,Canyon ES (2795),34.03213,-118.51198,2022-02-18 12:04:50,0 days 00:03:00,pm25,-1.2811418128440224,µg/m³
2109,2000855,947312,Canyon ES (2795),34.03213,-118.51198,2022-02-18 12:10:30,0 days 00:03:00,pm25,-1.0741748682727716,µg/m³
2110,2000855,947312,Canyon ES (2795),34.03213,-118.51198,2022-02-18 12:16:11,0 days 00:03:00,pm25,-1.1333082810074147,µg/m³
2111,2000855,947312,Canyon ES (2795),34.03213,-118.51198,2022-02-18 12:21:53,0 days 00:03:00,pm25,-1.1480916341910756,µg/m³
2112,2000855,947312,Canyon ES (2795),34.03213,-118.51198,2022-02-18 12:27:34,0 days 00:03:00,pm25,-1.2565028908712543,µg/m³
2113,2000855,947312,Canyon ES (2795),34.03213,-118.51198,2022-02-18 12:33:15,0 days 00:03:00,pm25,-0.9756191803817001,µg/m³
2114,2000855,947312,Canyon ES (2795),34.03213,-118.51198,2022-02-18 12:38:56,0 days 00:03:00,pm25,-0.7193743918649138,µg/m³
2115,2000855,947312,Canyon ES (2795),34.03213,-118.51198,2022-02-18 12:44:37,0 days 00:03:00,pm25,-1.0150414555381289,µg/m³
2116,2000855,947312,Canyon ES (2795),34.03213,-118.51198,2022-02-18 12:50:19,0 days 00:03:00,pm25,-0.8770634924906286,µg/m³
2117,2000855,947312,Canyon ES (2795),34.03213,-118.51198,2022-02-18 12:56:00,0 days 00:03:00,pm25,-0.7390855294431281,µg/m³
2118,2000855,947312,Canyon ES (2795),34.03213,-118.51198,2022-02-18 13:01:41,0 days 00:03:00,pm25,-0.7341577450485747,µg/m³
2119,2000855,947312,Canyon ES (2795),34.03213,-118.51198,2022-02-18 13:07:22,0 days 00:03:00,pm25,-0.6060353507901812,µg/m³
2120,2000855,947312,Canyon ES (2795),34.03213,-118.51198,2022-02-18 13:13:03,0 days 00:03:00,pm25,-0.8672079237015212,µg/m³
2121,2000855,947312,Canyon ES (2795),34.03213,-118.51198,2022-02-18 13:18:44,0 days 00:03:00,pm25,-0.9608358271980393,µg/m³
2122,2000855,947312,Canyon ES (2795),34.03213,-118.51198,2022-02-18 13:24:29,0 days 00:03:00,pm25,-0.8031467265723247,µg/m³
2123,2000855,947312,Canyon ES (2795),34.03213,-118.51198,2022-02-18 13:30:09,0 days 00:03:00,pm25,-0.832713432939646,µg/m³
2124,2000855,947312,Canyon ES (2795),34.03213,-118.51198,2022-02-18 13:35:50,0 days 00:03:00,pm25,-1.0002581023544679,µg/m³
2125,2000855,947312,Canyon ES (2795),34.03213,-118.51198,2022-02-18 13:41:31,0 days 00:03:00,pm25,-0.8622801393069677,µg/m³
2126,2000855,947312,Canyon ES (2795),34.03213,-118.51198,2022-02-18 13:47:12,0 days 00:03:00,pm25,-1.0889582214564326,µg/m³
2127,2000855,947312,Canyon ES (2795),34.03213,-118.51198,2022-02-18 13:52:53,0 days 00:03:00,pm25,-1.0495359463000038,µg/m³
2128,2000855,947312,Canyon ES (2795),34.03213,-118.51198,2022-02-18 13:58:34,0 days 00:03:00,pm25,-0.9312691208307178,µg/m³
2129,2000855,947312,Canyon ES (2795),34.03213,-118.51198,2022-02-18 14:04:15,0 days 00:03:00,pm25,-0.7390855294431281,µg/m³
2130,2000855,947312,Canyon ES (2795),34.03213,-118.51198,2022-02-18 14:09:56,0 days 00:03:00,pm25,-1.0396803775108967,µg/m³
2131,2000855,947312,Canyon ES (2795),34.03213,-118.51198,2022-02-18 14:15:38,0 days 00:03:00,pm25,-0.8474967861233068,µg/m³
2132,2000855,947312,Canyon ES (2795),34.03213,-118.51198,2022-02-18 14:21:19,0 days 00:03:00,pm25,-0.9805469647762536,µg/m³
2133,2000855,947312,Canyon ES (2795),34.03213,-118.51198,2022-02-18 14:27:00,0 days 00:03:00,pm25,-1.024897024327236,µg/m³
2134,2000855,947312,Canyon ES (2795),34.03213,-118.51198,2022-02-18 14:32:42,0 days 00:03:00,pm25,-0.6651687635248242,µg/m³
2135,2000855,947312,Canyon ES (2795),34.03213,-118.51198,2022-02-18 14:38:23,0 days 00:03:00,pm25,-0.7785078045995568,µg/m³
2136,2000855,947312,Canyon ES (2795),34.03213,-118.51198,2022-02-18 14:44:04,0 days 00:03:00,pm25,-0.753868882626789,µg/m³
2137,2000855,947312,Canyon ES (2795),34.03213,-118.51198,2022-02-18 14:49:52,0 days 00:03:00,pm25,-0.8819912768851821,µg/m³
2138,2000855,947312,Canyon ES (2795),34.03213,-118.51198,2022-02-18 14:55:40,0 days 00:03:00,pm25,-0.8770634924906286,µg/m³
2139,2000855,947312,Canyon ES (2795),34.03213,-118.51198,2022-02-18 15:01:27,0 days 00:03:00,pm25,-0.9756191803817001,µg/m³
2140,2000855,947312,Canyon ES (2795),34.03213,-118.51198,2022-02-18 15:07:11,0 days 00:03:00,pm25,-0.9953303179599144,µg/m³
2141,2000855,947312,Canyon ES (2795),34.03213,-118.51198,2022-02-18 15:12:52,0 days 00:03:00,pm25,-0.7982189421777712,µg/m³
2142,2000855,947312,Canyon ES (2795),34.03213,-118.51198,2022-02-18 15:18:39,0 days 00:03:00,pm25,-0.7489410982322351,µg/m³
2143,2000855,947312,Canyon ES (2795),34.03213,-118.51198,2022-02-18 15:24:24,0 days 00:03:00,pm25,-0.763724451415896,µg/m³
2144,2000855,947312,Canyon ES (2795),34.03213,-118.51198,2022-02-18 15:30:09,0 days 00:03:00,pm25,-1.0002581023544679,µg/m³
2145,2000855,947312,Canyon ES (2795),34.03213,-118.51198,2022-02-18 15:35:53,0 days 00:03:00,pm25,-0.8672079237015212,µg/m³
2146,2000855,947312,Canyon ES (2795),34.03213,-118.51198,2022-02-18 15:41:38,0 days 00:03:00,pm25,-0.8031467265723247,µg/m³
2147,2000855,947312,Canyon ES (2795),34.03213,-118.51198,2022-02-18 15:47:23,0 days 00:03:00,pm25,-0.7834355889941104,µg/m³
2148,2000855,947312,Canyon ES (2795),34.03213,-118.51198,2022-02-18 15:53:10,0 days 00:03:00,pm25,-0.3990684062189307,µg/m³
2149,2000855,947312,Canyon ES (2795),34.03213,-118.51198,2022-02-18 15:58:55,0 days 00:03:00,pm25,-0.44834625016446683,µg/m³
2150,2000855,947312,Canyon ES (2795),34.03213,-118.51198,2022-02-18 16:04:39,0 days 00:03:00,pm25,-0.763724451415896,µg/m³
2151,2000855,947312,Canyon ES (2795),34.03213,-118.51198,2022-02-18 16:10:23,0 days 00:03:00,pm25,-0.5813964288174134,µg/m³
2152,2000855,947312,Canyon ES (2795),34.03213,-118.51198,2022-02-18 16:16:08,0 days 00:03:00,pm25,-0.5912519976065207,µg/m³
2153,2000855,947312,Canyon ES (2795),34.03213,-118.51198,2022-02-18 16:21:52,0 days 00:03:00,pm25,-0.35471834666794855,µg/m³
2154,2000855,947312,Canyon ES (2795),34.03213,-118.51198,2022-02-18 16:27:36,0 days 00:03:00,pm25,-0.49762409411000247,µg/m³
2155,2000855,947312,Canyon ES (2795),34.03213,-118.51198,2022-02-18 16:33:21,0 days 00:03:00,pm25,-0.1428236177021446,µg/m³
2156,2000855,947312,Canyon ES (2795),34.03213,-118.51198,2022-02-18 16:39:05,0 days 00:03:00,pm25,-0.24137930559321635,µg/m³
2157,2000855,947312,Canyon ES (2795),34.03213,-118.51198,2022-02-18 16:44:49,0 days 00:03:00,pm25,0.21197685870571326,µg/m³
2158,2000855,947312,Canyon ES (2795),34.03213,-118.51198,2022-02-18 16:50:33,0 days 00:03:00,pm25,0.05921554247455238,µg/m³
2159,2000855,947312,Canyon ES (2795),34.03213,-118.51198,2022-02-18 16:56:18,0 days 00:03:00,pm25,-0.09847355815116242,µg/m³
2160,2000855,947312,Canyon ES (2795),34.03213,-118.51198,2022-02-18 17:02:05,0 days 00:03:00,pm25,0.3351714685695528,µg/m³
2161,2000855,947312,Canyon ES (2795),34.03213,-118.51198,2022-02-18 17:07:52,0 days 00:03:00,pm25,0.7195386513447325,µg/m³
2162,2000855,947312,Canyon ES (2795),34.03213,-118.51198,2022-02-18 17:13:35,0 days 00:03:00,pm25,0.40908823448785675,µg/m³
2163,2000855,947312,Canyon ES (2795),34.03213,-118.51198,2022-02-18 17:19:19,0 days 00:03:00,pm25,0.40908823448785675,µg/m³
2164,2000855,947312,Canyon ES (2795),34.03213,-118.51198,2022-02-18 17:25:02,0 days 00:03:00,pm25,0.3203881153858924,µg/m³
2165,2000855,947312,Canyon ES (2795),34.03213,-118.51198,2022-02-18 17:30:46,0 days 00:03:00,pm25,0.4386549408551781,µg/m³
2166,2000855,947312,Canyon ES (2795),34.03213,-118.51198,2022-02-18 17:36:30,0 days 00:03:00,pm25,0.1922657211274989,µg/m³
2167,2000855,947312,Canyon ES (2795),34.03213,-118.51198,2022-02-18 17:42:13,0 days 00:03:00,pm25,0.2169046431002672,µg/m³
2168,2000855,947312,Canyon ES (2795),34.03213,-118.51198,2022-02-18 17:47:56,0 days 00:03:00,pm25,0.5322828443516964,µg/m³
2169,2000855,947312,Canyon ES (2795),34.03213,-118.51198,2022-02-18 17:53:39,0 days 00:03:00,pm25,1.9219180436158065,µg/m³
2170,2000855,947312,Canyon ES (2795),34.03213,-118.51198,2022-02-18 17:59:23,0 days 00:03:00,pm25,1.0398446369907155,µg/m³
2171,2000855,947312,Canyon ES (2795),34.03213,-118.51198,2022-02-18 18:05:06,0 days 00:03:00,pm25,0.3992326656987498,µg/m³
2172,2000855,947312,Canyon ES (2795),34.03213,-118.51198,2022-02-18 18:10:50,0 days 00:03:00,pm25,0.3253158997804459,µg/m³
2173,2000855,947312,Canyon ES (2795),34.03213,-118.51198,2022-02-18 18:16:33,0 days 00:03:00,pm25,0.08878224884187369,µg/m³
2174,2000855,947312,Canyon ES (2795),34.03213,-118.51198,2022-02-18 18:22:13,0 days 00:03:00,pm25,-0.019629007838305023,µg/m³
2175,2000855,947312,Canyon ES (2795),34.03213,-118.51198,2022-02-18 18:27:56,0 days 00:03:00,pm25,0.12820452399830237,µg/m³
2176,2000855,947312,Canyon ES (2795),34.03213,-118.51198,2022-02-18 18:33:39,0 days 00:03:00,pm25,0.26125470265124934,µg/m³
2177,2000855,947312,Canyon ES (2795),34.03213,-118.51198,2022-02-18 18:39:23,0 days 00:03:00,pm25,0.2908214090185707,µg/m³
2178,2000855,947312,Canyon ES (2795),34.03213,-118.51198,2022-02-18 18:45:06,0 days 00:03:00,pm25,0.22676021188937415,µg/m³
2179,2000855,947312,Canyon ES (2795),34.03213,-118.51198,2022-02-18 18:50:49,0 days 00:03:00,pm25,0.31053254659678503,µg/m³
2180,2000855,947312,Canyon ES (2795),34.03213,-118.51198,2022-02-18 18:56:32,0 days 00:03:00,pm25,0.26125470265124934,µg/m³
2181,2000855,947312,Canyon ES (2795),34.03213,-118.51198,2022-02-18 19:02:16,0 days 00:03:00,pm25,0.241543565073035,µg/m³
2182,2000855,947312,Canyon ES (2795),34.03213,-118.51198,2022-02-18 19:07:59,0 days 00:03:00,pm25,0.26125470265124934,µg/m³
2183,2000855,947312,Canyon ES (2795),34.03213,-118.51198,2022-02-18 19:13:42,0 days 00:03:00,pm25,0.18241015233839195,µg/m³
2184,2000855,947312,Canyon ES (2795),34.03213,-118.51198,2022-02-18 19:19:25,0 days 00:03:00,pm25,0.18241015233839195,µg/m³
2185,2000855,947312,Canyon ES (2795),34.03213,-118.51198,2022-02-18 19:25:09,0 days 00:03:00,pm25,0.12327673960374891,µg/m³
2186,2000855,947312,Canyon ES (2795),34.03213,-118.51198,2022-02-18 19:30:52,0 days 00:03:00,pm25,0.6357663166373215,µg/m³
2187,2000855,947312,Canyon ES (2795),34.03213,-118.51198,2022-02-18 19:36:36,0 days 00:03:00,pm25,0.17748236794383848,µg/m³
2188,2000855,947312,Canyon ES (2795),34.03213,-118.51198,2022-02-18 19:42:19,0 days 00:03:00,pm25,0.31053254659678503,µg/m³
2189,2000855,947312,Canyon ES (2795),34.03213,-118.51198,2022-02-18 19:48:02,0 days 00:03:00,pm25,-0.11818469572937677,µg/m³
2190,2000855,947312,Canyon ES (2795),34.03213,-118.51198,2022-02-18 19:53:46,0 days 00:03:00,pm25,-0.07383463617839416,µg/m³
2191,2000855,947312,Canyon ES (2795),34.03213,-118.51198,2022-02-18 19:59:29,0 days 00:03:00,pm25,0.14298787718196326,µg/m³
2192,2000855,947312,Canyon ES (2795),34.03213,-118.51198,2022-02-18 20:05:12,0 days 00:03:00,pm25,0.31546033099133847,µg/m³
2193,2000855,947312,Canyon ES (2795),34.03213,-118.51198,2022-02-18 20:10:56,0 days 00:03:00,pm25,0.241543565073035,µg/m³
2194,2000855,947312,Canyon ES (2795),34.03213,-118.51198,2022-02-18 20:16:39,0 days 00:03:00,pm25,-0.2118125992258946,µg/m³
2195,2000855,947312,Canyon ES (2795),34.03213,-118.51198,2022-02-18 20:22:22,0 days 00:03:00,pm25,0.12327673960374891,µg/m³
2196,2000855,947312,Canyon ES (2795),34.03213,-118.51198,2022-02-18 20:28:06,0 days 00:03:00,pm25,0.14791566157651673,µg/m³
2197,2000855,947312,Canyon ES (2795),34.03213,-118.51198,2022-02-18 20:33:49,0 days 00:03:00,pm25,-0.17239032406946592,µg/m³
2198,2000855,947312,Canyon ES (2795),34.03213,-118.51198,2022-02-18 20:39:32,0 days 00:03:00,pm25,-0.07383463617839416,µg/m³
2199,2000855,947312,Canyon ES (2795),34.03213,-118.51198,2022-02-18 20:46:39,0 days 00:03:00,pm25,-0.014701223443751545,µg/m³
2200,2000855,947312,Canyon ES (2795),34.03213,-118.51198,2022-02-18 20:52:25,0 days 00:03:00,pm25,0.12820452399830237,µg/m³
2201,2000855,947312,Canyon ES (2795),34.03213,-118.51198,2022-02-18 20:58:08,0 days 00:03:00,pm25,-0.04919571420562633,µg/m³
2202,2000855,947312,Canyon ES (2795),34.03213,-118.51198,2022-02-18 21:03:52,0 days 00:03:00,pm25,0.039504404896338025,µg/m³
2203,2000855,947312,Canyon ES (2795),34.03213,-118.51198,2022-02-18 21:09:35,0 days 00:03:00,pm25,0.241543565073035,µg/m³
2204,2000855,947312,Canyon ES (2795),34.03213,-118.51198,2022-02-18 21:15:19,0 days 00:03:00,pm25,0.029648836107231073,µg/m³
2205,2000855,947312,Canyon ES (2795),34.03213,-118.51198,2022-02-18 21:21:05,0 days 00:03:00,pm25,0.172554583549285,µg/m³
2206,2000855,947312,Canyon ES (2795),34.03213,-118.51198,2022-02-18 21:26:49,0 days 00:03:00,pm25,0.26618248704580283,µg/m³
2207,2000855,947312,Canyon ES (2795),34.03213,-118.51198,2022-02-18 21:32:32,0 days 00:03:00,pm25,0.21197685870571326,µg/m³
2208,2000855,947312,Canyon ES (2795),34.03213,-118.51198,2022-02-18 21:38:16,0 days 00:03:00,pm25,0.172554583549285,µg/m³
2209,2000855,947312,Canyon ES (2795),34.03213,-118.51198,2022-02-18 21:43:59,0 days 00:03:00,pm25,0.30067697780767805,µg/m³
2210,2000855,947312,Canyon ES (2795),34.03213,-118.51198,2022-02-18 21:49:46,0 days 00:03:00,pm25,0.05921554247455238,µg/m³
2211,2000855,947312,Canyon ES (2795),34.03213,-118.51198,2022-02-18 21:55:29,0 days 00:03:00,pm25,0.19719350552205284,µg/m³
2212,2000855,947312,Canyon ES (2795),34.03213,-118.51198,2022-02-18 22:01:13,0 days 00:03:00,pm25,0.06414332686910586,µg/m³
2213,2000855,947312,Canyon ES (2795),34.03213,-118.51198,2022-02-18 22:06:56,0 days 00:03:00,pm25,0.0542877580799989,µg/m³
2214,2000855,947312,Canyon ES (2795),34.03213,-118.51198,2022-02-18 22:12:39,0 days 00:03:00,pm25,0.2711102714403563,µg/m³
2215,2000855,947312,Canyon ES (2795),34.03213,-118.51198,2022-02-18 22:18:23,0 days 00:03:00,pm25,0.241543565073035,µg/m³
2216,2000855,947312,Canyon ES (2795),34.03213,-118.51198,2022-02-18 22:24:06,0 days 00:03:00,pm25,0.3548826061477672,µg/m³
2217,2000855,947312,Canyon ES (2795),34.03213,-118.51198,2022-02-18 22:29:50,0 days 00:03:00,pm25,0.5914162570863394,µg/m³
2218,2000855,947312,Canyon ES (2795),34.03213,-118.51198,2022-02-18 22:35:33,0 days 00:03:00,pm25,0.5273550599571428,µg/m³
2219,2000855,947312,Canyon ES (2795),34.03213,-118.51198,2022-02-18 22:41:20,0 days 00:03:00,pm25,0.9314333803105364,µg/m³
2220,2000855,947312,Canyon ES (2795),34.03213,-118.51198,2022-02-18 22:47:04,0 days 00:03:00,pm25,0.6308385322427681,µg/m³
2221,2000855,947312,Canyon ES (2795),34.03213,-118.51198,2022-02-18 22:52:47,0 days 00:03:00,pm25,0.2021212899166063,µg/m³
2222,2000855,947312,Canyon ES (2795),34.03213,-118.51198,2022-02-18 22:58:31,0 days 00:03:00,pm25,0.4238715876715176,µg/m³
2223,2000855,947312,Canyon ES (2795),34.03213,-118.51198,2022-02-18 23:04:15,0 days 00:03:00,pm25,0.27603805583491026,µg/m³
2224,2000855,947312,Canyon ES (2795),34.03213,-118.51198,2022-02-18 23:09:59,0 days 00:03:00,pm25,0.18733793673294544,µg/m³
2225,2000855,947312,Canyon ES (2795),34.03213,-118.51198,2022-02-18 23:15:42,0 days 00:03:00,pm25,0.19719350552205284,µg/m³
2226,2000855,947312,Canyon ES (2795),34.03213,-118.51198,2022-02-18 23:21:26,0 days 00:03:00,pm25,-0.16253475528035896,µg/m³
2227,2000855,947312,Canyon ES (2795),34.03213,-118.51198,2022-02-18 23:27:13,0 days 00:03:00,pm25,-0.2660182275659842,µg/m³
2228,2000855,947312,Canyon ES (2795),34.03213,-118.51198,2022-02-18 23:32:57,0 days 00:03:00,pm25,-0.20195703043678764,µg/m³
2229,2000855,947312,Canyon ES (2795),34.03213,-118.51198,2022-02-18 23:38:40,0 days 00:03:00,pm25,-0.3005127183278594,µg/m³
2230,2000855,947312,Canyon ES (2795),34.03213,-118.51198,2022-02-18 23:44:27,0 days 00:03:00,pm25,-0.0639790673892872,µg/m³
2231,2000855,947312,Canyon ES (2795),34.03213,-118.51198,2022-02-18 23:50:10,0 days 00:03:00,pm25,0.0542877580799989,µg/m³
2232,2000855,947312,Canyon ES (2795),34.03213,-118.51198,2022-02-18 23:55:51,0 days 00:03:00,pm25,-0.13789583330759111,µg/m³
2233,2000855,947312,Canyon ES (2795),34.03213,-118.51198,2022-02-19 00:01:35,0 days 00:03:00,pm25,0.10356560202553455,µg/m³
2234,2000855,947312,Canyon ES (2795),34.03213,-118.51198,2022-02-19 00:07:18,0 days 00:03:00,pm25,-0.07876242057294808,µg/m³
2235,2000855,947312,Canyon ES (2795),34.03213,-118.51198,2022-02-19 00:13:02,0 days 00:03:00,pm25,0.41401601888241024,µg/m³
2236,2000855,947312,Canyon ES (2795),34.03213,-118.51198,2022-02-19 00:18:46,0 days 00:03:00,pm25,0.4977883535898211,µg/m³
2237,2000855,947312,Canyon ES (2795),34.03213,-118.51198,2022-02-19 00:24:32,0 days 00:03:00,pm25,0.5076439223789285,µg/m³
2238,2000855,947312,Canyon ES (2795),34.03213,-118.51198,2022-02-19 00:30:16,0 days 00:03:00,pm25,0.10356560202553455,µg/m³
2239,2000855,947312,Canyon ES (2795),34.03213,-118.51198,2022-02-19 00:35:59,0 days 00:03:00,pm25,0.2070490743111598,µg/m³
2240,2000855,947312,Canyon ES (2795),34.03213,-118.51198,2022-02-19 00:41:43,0 days 00:03:00,pm25,0.06907111126365933,µg/m³
2241,2000855,947312,Canyon ES (2795),34.03213,-118.51198,2022-02-19 00:47:27,0 days 00:03:00,pm25,0.22183242749482066,µg/m³
2242,2000855,947312,Canyon ES (2795),34.03213,-118.51198,2022-02-19 00:53:11,0 days 00:03:00,pm25,0.30067697780767805,µg/m³
2243,2000855,947312,Canyon ES (2795),34.03213,-118.51198,2022-02-19 00:58:55,0 days 00:03:00,pm25,0.22183242749482066,µg/m³
2244,2000855,947312,Canyon ES (2795),34.03213,-118.51198,2022-02-19 01:04:39,0 days 00:03:00,pm25,0.18733793673294544,µg/m³
2245,2000855,947312,Canyon ES (2795),34.03213,-118.51198,2022-02-19 01:10:26,0 days 00:03:00,pm25,0.014865482923570199,µg/m³
2246,2000855,947312,Canyon ES (2795),34.03213,-118.51198,2022-02-19 01:16:09,0 days 00:03:00,pm25,0.10356560202553455,µg/m³
2247,2000855,947312,Canyon ES (2795),34.03213,-118.51198,2022-02-19 01:21:54,0 days 00:03:00,pm25,0.29574919341312456,µg/m³
2248,2000855,947312,Canyon ES (2795),34.03213,-118.51198,2022-02-19 01:27:37,0 days 00:03:00,pm25,-0.039340145416519375,µg/m³
2249,2000855,947312,Canyon ES (2795),34.03213,-118.51198,2022-02-19 01:33:21,0 days 00:03:00,pm25,-0.3744294842461629,µg/m³
2250,2000855,947312,Canyon ES (2795),34.03213,-118.51198,2022-02-19 01:39:07,0 days 00:03:00,pm25,-0.3350072090897342,µg/m³
2251,2000855,947312,Canyon ES (2795),34.03213,-118.51198,2022-02-19 01:44:54,0 days 00:03:00,pm25,-0.28572936514419855,µg/m³
2252,2000855,947312,Canyon ES (2795),34.03213,-118.51198,2022-02-19 01:50:41,0 days 00:03:00,pm25,-0.561685291239199,µg/m³
2253,2000855,947312,Canyon ES (2795),34.03213,-118.51198,2022-02-19 01:56:27,0 days 00:03:00,pm25,-0.23152373680410895,µg/m³
2254,2000855,947312,Canyon ES (2795),34.03213,-118.51198,2022-02-19 02:02:08,0 days 00:03:00,pm25,0.37459374372598153,µg/m³
2255,2000855,947312,Canyon ES (2795),34.03213,-118.51198,2022-02-19 02:07:54,0 days 00:03:00,pm25,2.183090616527147,µg/m³
2256,2000855,947312,Canyon ES (2795),34.03213,-118.51198,2022-02-19 02:13:38,0 days 00:03:00,pm25,0.9708556554669651,µg/m³
2257,2000855,947312,Canyon ES (2795),34.03213,-118.51198,2022-02-19 02:19:22,0 days 00:03:00,pm25,0.6308385322427681,µg/m³
2258,2000855,947312,Canyon ES (2795),34.03213,-118.51198,2022-02-19 02:25:02,0 days 00:03:00,pm25,1.2123170908000909,µg/m³
2259,2000855,947312,Canyon ES (2795),34.03213,-118.51198,2022-02-19 02:30:46,0 days 00:03:00,pm25,-0.08369020496750156,µg/m³
2260,2000855,947312,Canyon ES (2795),34.03213,-118.51198,2022-02-19 02:36:30,0 days 00:03:00,pm25,2.2964296576018786,µg/m³
2261,2000855,947312,Canyon ES (2795),34.03213,-118.51198,2022-02-19 02:42:11,0 days 00:03:00,pm25,1.32072834748027,µg/m³
2262,2000855,947312,Canyon ES (2795),34.03213,-118.51198,2022-02-19 02:47:55,0 days 00:03:00,pm25,1.0250612838070547,µg/m³
2263,2000855,947312,Canyon ES (2795),34.03213,-118.51198,2022-02-19 02:53:38,0 days 00:03:00,pm25,0.3203881153858924,µg/m³
2264,2000855,947312,Canyon ES (2795),34.03213,-118.51198,2022-02-19 02:59:25,0 days 00:03:00,pm25,0.7096830825556255,µg/m³
2265,2000855,947312,Canyon ES (2795),34.03213,-118.51198,2022-02-19 03:05:09,0 days 00:03:00,pm25,0.049359973685445424,µg/m³
2266,2000855,947312,Canyon ES (2795),34.03213,-118.51198,2022-02-19 03:10:53,0 days 00:03:00,pm25,-0.1034013425457159,µg/m³
2267,2000855,947312,Canyon ES (2795),34.03213,-118.51198,2022-02-19 03:16:40,0 days 00:03:00,pm25,0.31546033099133847,µg/m³
2268,2000855,947312,Canyon ES (2795),34.03213,-118.51198,2022-02-19 03:22:21,0 days 00:03:00,pm25,0.3253158997804459,µg/m³
2269,2000855,947312,Canyon ES (2795),34.03213,-118.51198,2022-02-19 03:28:01,0 days 00:03:00,pm25,0.586488472691786,µg/m³
2270,2000855,947312,Canyon ES (2795),34.03213,-118.51198,2022-02-19 03:33:42,0 days 00:03:00,pm25,0.5717051195081251,µg/m³
2271,2000855,947312,Canyon ES (2795),34.03213,-118.51198,2022-02-19 03:39:26,0 days 00:03:00,pm25,0.9856390086506259,µg/m³
2272,2000855,947312,Canyon ES (2795),34.03213,-118.51198,2022-02-19 03:45:07,0 days 00:03:00,pm25,1.5523342140242877,µg/m³
2273,2000855,947312,Canyon ES (2795),34.03213,-118.51198,2022-02-19 03:50:48,0 days 00:03:00,pm25,0.2563269182566959,µg/m³
2274,2000855,947312,Canyon ES (2795),34.03213,-118.51198,2022-02-19 03:56:29,0 days 00:03:00,pm25,-0.18224589285857332,µg/m³
2275,2000855,947312,Canyon ES (2795),34.03213,-118.51198,2022-02-19 04:02:16,0 days 00:03:00,pm25,-0.3744294842461629,µg/m³
2276,2000855,947312,Canyon ES (2795),34.03213,-118.51198,2022-02-19 04:07:57,0 days 00:03:00,pm25,0.5569217663244642,µg/m³
2277,2000855,947312,Canyon ES (2795),34.03213,-118.51198,2022-02-19 04:13:44,0 days 00:03:00,pm25,0.0542877580799989,µg/m³
2278,2000855,947312,Canyon ES (2795),34.03213,-118.51198,2022-02-19 04:19:25,0 days 00:03:00,pm25,0.23661578067848152,µg/m³
2279,2000855,947312,Canyon ES (2795),34.03213,-118.51198,2022-02-19 04:25:09,0 days 00:03:00,pm25,-0.019629007838305023,µg/m³
2280,2000855,947312,Canyon ES (2795),34.03213,-118.51198,2022-02-19 04:30:52,0 days 00:03:00,pm25,-0.2561626587768768,µg/m³
2281,2000855,947312,Canyon ES (2795),34.03213,-118.51198,2022-02-19 04:36:36,0 days 00:03:00,pm25,1.0398446369907155,µg/m³
2282,2000855,947312,Canyon ES (2795),34.03213,-118.51198,2022-02-19 04:42:20,0 days 00:03:00,pm25,0.6012718258754464,µg/m³
2283,2000855,947312,Canyon ES (2795),34.03213,-118.51198,2022-02-19 04:48:07,0 days 00:03:00,pm25,0.8378054768140185,µg/m³
2284,2000855,947312,Canyon ES (2795),34.03213,-118.51198,2022-02-19 04:53:51,0 days 00:03:00,pm25,0.08385446444732021,µg/m³
2285,2000855,947312,Canyon ES (2795),34.03213,-118.51198,2022-02-19 04:59:32,0 days 00:03:00,pm25,0.3943048813041959,µg/m³
2286,2000855,947312,Canyon ES (2795),34.03213,-118.51198,2022-02-19 05:05:16,0 days 00:03:00,pm25,-0.14775140209669807,µg/m³
2287,2000855,947312,Canyon ES (2795),34.03213,-118.51198,2022-02-19 05:11:03,0 days 00:03:00,pm25,0.1922657211274989,µg/m³
2288,2000855,947312,Canyon ES (2795),34.03213,-118.51198,2022-02-19 05:16:44,0 days 00:03:00,pm25,-0.12804026451848374,µg/m³
2289,2000855,947312,Canyon ES (2795),34.03213,-118.51198,2022-02-19 05:22:25,0 days 00:03:00,pm25,1.9367013967994677,µg/m³
2290,2000855,947312,Canyon ES (2795),34.03213,-118.51198,2022-02-19 05:28:18,0 days 00:03:00,pm25,0.9166500271268759,µg/m³
2291,2000855,947312,Canyon ES (2795),34.03213,-118.51198,2022-02-19 05:34:02,0 days 00:03:00,pm25,0.7540331421066077,µg/m³
2292,2000855,947312,Canyon ES (2795),34.03213,-118.51198,2022-02-19 05:39:44,0 days 00:03:00,pm25,0.7195386513447325,µg/m³
2293,2000855,947312,Canyon ES (2795),34.03213,-118.51198,2022-02-19 05:45:31,0 days 00:03:00,pm25,0.4731494316170533,µg/m³
2294,2000855,947312,Canyon ES (2795),34.03213,-118.51198,2022-02-19 05:51:12,0 days 00:03:00,pm25,0.581560688297232,µg/m³
2295,2000855,947312,Canyon ES (2795),34.03213,-118.51198,2022-02-19 05:56:53,0 days 00:03:00,pm25,-0.290657149538752,µg/m³
2296,2000855,947312,Canyon ES (2795),34.03213,-118.51198,2022-02-19 06:02:36,0 days 00:03:00,pm25,0.2908214090185707,µg/m³
2297,2000855,947312,Canyon ES (2795),34.03213,-118.51198,2022-02-19 06:08:20,0 days 00:03:00,pm25,-0.28572936514419855,µg/m³
2298,2000855,947312,Canyon ES (2795),34.03213,-118.51198,2022-02-19 06:14:05,0 days 00:03:00,pm25,0.07399889565821324,µg/m³
2299,2000855,947312,Canyon ES (2795),34.03213,-118.51198,2022-02-19 06:19:49,0 days 00:03:00,pm25,1.2763782879292878,µg/m³
2300,2000855,947312,Canyon ES (2795),34.03213,-118.51198,2022-02-19 06:25:30,0 days 00:03:00,pm25,-0.561685291239199,µg/m³
2301,2000855,947312,Canyon ES (2795),34.03213,-118.51198,2022-02-19 06:31:11,0 days 00:03:00,pm25,-0.14775140209669807,µg/m³
2302,2000855,947312,Canyon ES (2795),34.03213,-118.51198,2022-02-19 06:36:52,0 days 00:03:00,pm25,-0.38921283742982377,µg/m³
2303,2000855,947312,Canyon ES (2795),34.03213,-118.51198,2022-02-19 06:42:33,0 days 00:03:00,pm25,-0.009773439049197629,µg/m³
2304,2000855,947312,Canyon ES (2795),34.03213,-118.51198,2022-02-19 06:48:17,0 days 00:03:00,pm25,-0.17731810846401982,µg/m³
2305,2000855,947312,Canyon ES (2795),34.03213,-118.51198,2022-02-19 06:53:58,0 days 00:03:00,pm25,-0.5715408600283064,µg/m³
2306,2000855,947312,Canyon ES (2795),34.03213,-118.51198,2022-02-19 06:59:39,0 days 00:03:00,pm25,0.34009925296410676,µg/m³
2307,2000855,947312,Canyon ES (2795),34.03213,-118.51198,2022-02-19 07:05:20,0 days 00:03:00,pm25,-0.3695016998516094,µg/m³
2308,2000855,947312,Canyon ES (2795),34.03213,-118.51198,2022-02-19 07:11:01,0 days 00:03:00,pm25,-0.019629007838305023,µg/m³
2309,2000855,947312,Canyon ES (2795),34.03213,-118.51198,2022-02-19 07:16:46,0 days 00:03:00,pm25,1.8085790025410748,µg/m³
2310,2000855,947312,Canyon ES (2795),34.03213,-118.51198,2022-02-19 07:22:27,0 days 00:03:00,pm25,0.4632938628279463,µg/m³
2311,2000855,947312,Canyon ES (2795),34.03213,-118.51198,2022-02-19 07:28:14,0 days 00:03:00,pm25,-0.34486277787884156,µg/m³
2312,2000855,947312,Canyon ES (2795),34.03213,-118.51198,2022-02-19 07:33:55,0 days 00:03:00,pm25,-0.3300794246951807,µg/m³
2313,2000855,947312,Canyon ES (2795),34.03213,-118.51198,2022-02-19 07:39:36,0 days 00:03:00,pm25,-0.5863242132119668,µg/m³
2314,2000855,947312,Canyon ES (2795),34.03213,-118.51198,2022-02-19 07:45:17,0 days 00:03:00,pm25,-0.5961797820010742,µg/m³
2315,2000855,947312,Canyon ES (2795),34.03213,-118.51198,2022-02-19 07:50:58,0 days 00:03:00,pm25,-0.39414062182437726,µg/m³
2316,2000855,947312,Canyon ES (2795),34.03213,-118.51198,2022-02-19 07:56:39,0 days 00:03:00,pm25,-0.23152373680410895,µg/m³
2317,2000855,947312,Canyon ES (2795),34.03213,-118.51198,2022-02-19 08:02:20,0 days 00:03:00,pm25,-0.4828407409263416,µg/m³
2318,2000855,947312,Canyon ES (2795),34.03213,-118.51198,2022-02-19 08:08:11,0 days 00:03:00,pm25,-0.5173352316882168,µg/m³
2319,2000855,947312,Canyon ES (2795),34.03213,-118.51198,2022-02-19 08:13:52,0 days 00:03:00,pm25,-0.45820181895357376,µg/m³
2320,2000855,947312,Canyon ES (2795),34.03213,-118.51198,2022-02-19 08:19:33,0 days 00:03:00,pm25,-0.44834625016446683,µg/m³
2321,2000855,947312,Canyon ES (2795),34.03213,-118.51198,2022-02-19 08:25:14,0 days 00:03:00,pm25,-0.5912519976065207,µg/m³
2322,2000855,947312,Canyon ES (2795),34.03213,-118.51198,2022-02-19 08:30:55,0 days 00:03:00,pm25,-0.5370463692664311,µg/m³
2323,2000855,947312,Canyon ES (2795),34.03213,-118.51198,2022-02-19 08:36:35,0 days 00:03:00,pm25,-0.6011075663956277,µg/m³
2324,2000855,947312,Canyon ES (2795),34.03213,-118.51198,2022-02-19 08:42:17,0 days 00:03:00,pm25,-0.6996632542866994,µg/m³
2325,2000855,947312,Canyon ES (2795),34.03213,-118.51198,2022-02-19 08:48:00,0 days 00:03:00,pm25,-0.7932911577832177,µg/m³
2326,2000855,947312,Canyon ES (2795),34.03213,-118.51198,2022-02-19 08:53:41,0 days 00:03:00,pm25,-0.3990684062189307,µg/m³
2327,2000855,947312,Canyon ES (2795),34.03213,-118.51198,2022-02-19 08:59:25,0 days 00:03:00,pm25,-0.7932911577832177,µg/m³
2328,2000855,947312,Canyon ES (2795),34.03213,-118.51198,2022-02-19 09:05:07,0 days 00:03:00,pm25,-0.8474967861233068,µg/m³
2329,2000855,947312,Canyon ES (2795),34.03213,-118.51198,2022-02-19 09:10:47,0 days 00:03:00,pm25,-0.4828407409263416,µg/m³
2330,2000855,947312,Canyon ES (2795),34.03213,-118.51198,2022-02-19 09:16:37,0 days 00:03:00,pm25,-0.6700965479193781,µg/m³
2331,2000855,947312,Canyon ES (2795),34.03213,-118.51198,2022-02-19 09:22:19,0 days 00:03:00,pm25,-0.39414062182437726,µg/m³
2332,2000855,947312,Canyon ES (2795),34.03213,-118.51198,2022-02-19 09:28:00,0 days 00:03:00,pm25,-0.3990684062189307,µg/m³
2333,2000855,947312,Canyon ES (2795),34.03213,-118.51198,2022-02-19 09:33:41,0 days 00:03:00,pm25,-0.4434184657699129,µg/m³
2334,2000855,947312,Canyon ES (2795),34.03213,-118.51198,2022-02-19 09:39:22,0 days 00:03:00,pm25,-0.2955849339333055,µg/m³
2335,2000855,947312,Canyon ES (2795),34.03213,-118.51198,2022-02-19 09:45:03,0 days 00:03:00,pm25,-0.492696309715449,µg/m³
2336,2000855,947312,Canyon ES (2795),34.03213,-118.51198,2022-02-19 09:50:44,0 days 00:03:00,pm25,-0.6306742727629494,µg/m³
2337,2000855,947312,Canyon ES (2795),34.03213,-118.51198,2022-02-19 09:56:26,0 days 00:03:00,pm25,-0.8622801393069677,µg/m³
2338,2000855,947312,Canyon ES (2795),34.03213,-118.51198,2022-02-19 10:02:07,0 days 00:03:00,pm25,-0.9756191803817001,µg/m³
2339,2000855,947312,Canyon ES (2795),34.03213,-118.51198,2022-02-19 10:07:48,0 days 00:03:00,pm25,-0.6257464883683955,µg/m³
2340,2000855,947312,Canyon ES (2795),34.03213,-118.51198,2022-02-19 10:13:41,0 days 00:03:00,pm25,-0.8376412173341999,µg/m³
2341,2000855,947312,Canyon ES (2795),34.03213,-118.51198,2022-02-19 10:19:22,0 days 00:03:00,pm25,-0.6996632542866994,µg/m³
2342,2000855,947312,Canyon ES (2795),34.03213,-118.51198,2022-02-19 10:25:06,0 days 00:03:00,pm25,-0.5321185848718777,µg/m³
2343,2000855,947312,Canyon ES (2795),34.03213,-118.51198,2022-02-19 10:30:47,0 days 00:03:00,pm25,-0.2660182275659842,µg/m³
2344,2000855,947312,Canyon ES (2795),34.03213,-118.51198,2022-02-19 10:36:28,0 days 00:03:00,pm25,-0.290657149538752,µg/m³
2345,2000855,947312,Canyon ES (2795),34.03213,-118.51198,2022-02-19 10:42:15,0 days 00:03:00,pm25,-0.8080745109668782,µg/m³
2346,2000855,947312,Canyon ES (2795),34.03213,-118.51198,2022-02-19 10:47:56,0 days 00:03:00,pm25,-0.635602057157503,µg/m³
2347,2000855,947312,Canyon ES (2795),34.03213,-118.51198,2022-02-19 10:53:37,0 days 00:03:00,pm25,0.0542877580799989,µg/m³
2348,2000855,947312,Canyon ES (2795),34.03213,-118.51198,2022-02-19 10:59:19,0 days 00:03:00,pm25,-0.3251516403006272,µg/m³
2349,2000855,947312,Canyon ES (2795),34.03213,-118.51198,2022-02-19 11:04:59,0 days 00:03:00,pm25,-0.5124074472936634,µg/m³
2350,2000855,947312,Canyon ES (2795),34.03213,-118.51198,2022-02-19 11:10:40,0 days 00:03:00,pm25,-0.7095188230758064,µg/m³
2351,2000855,947312,Canyon ES (2795),34.03213,-118.51198,2022-02-19 11:16:22,0 days 00:03:00,pm25,-0.6848799011030385,µg/m³
2352,2000855,947312,Canyon ES (2795),34.03213,-118.51198,2022-02-19 11:22:03,0 days 00:03:00,pm25,-0.6208187039738421,µg/m³
2353,2000855,947312,Canyon ES (2795),34.03213,-118.51198,2022-02-19 11:27:44,0 days 00:03:00,pm25,-0.7341577450485747,µg/m³
2354,2000855,947312,Canyon ES (2795),34.03213,-118.51198,2022-02-19 11:33:25,0 days 00:03:00,pm25,-0.5518297224500921,µg/m³
2355,2000855,947312,Canyon ES (2795),34.03213,-118.51198,2022-02-19 11:39:12,0 days 00:03:00,pm25,-1.0889582214564326,µg/m³
2356,2000855,947312,Canyon ES (2795),34.03213,-118.51198,2022-02-19 11:44:54,0 days 00:03:00,pm25,-0.635602057157503,µg/m³
2357,2000855,947312,Canyon ES (2795),34.03213,-118.51198,2022-02-19 11:50:35,0 days 00:03:00,pm25,-0.9706913959871465,µg/m³
2358,2000855,947312,Canyon ES (2795),34.03213,-118.51198,2022-02-19 11:56:16,0 days 00:03:00,pm25,-0.7735800202050034,µg/m³
2359,2000855,947312,Canyon ES (2795),34.03213,-118.51198,2022-02-19 12:01:58,0 days 00:03:00,pm25,-1.0791026526673253,µg/m³
2360,2000855,947312,Canyon ES (2795),34.03213,-118.51198,2022-02-19 12:07:39,0 days 00:03:00,pm25,-1.0988137902455397,µg/m³
2361,2000855,947312,Canyon ES (2795),34.03213,-118.51198,2022-02-19 12:13:20,0 days 00:03:00,pm25,-1.251575106476701,µg/m³
2362,2000855,947312,Canyon ES (2795),34.03213,-118.51198,2022-02-19 12:19:01,0 days 00:03:00,pm25,-1.1924416937420577,µg/m³
2363,2000855,947312,Canyon ES (2795),34.03213,-118.51198,2022-02-19 12:24:42,0 days 00:03:00,pm25,-1.1283804966128612,µg/m³
2364,2000855,947312,Canyon ES (2795),34.03213,-118.51198,2022-02-19 12:30:24,0 days 00:03:00,pm25,-1.3402752255786652,µg/m³
2365,2000855,947312,Canyon ES (2795),34.03213,-118.51198,2022-02-19 12:36:11,0 days 00:03:00,pm25,-1.1628749873747362,µg/m³
2366,2000855,947312,Canyon ES (2795),34.03213,-118.51198,2022-02-19 12:41:52,0 days 00:03:00,pm25,-1.3057807348167902,µg/m³
2367,2000855,947312,Canyon ES (2795),34.03213,-118.51198,2022-02-19 12:47:36,0 days 00:03:00,pm25,-1.5570977389390228,µg/m³
2368,2000855,947312,Canyon ES (2795),34.03213,-118.51198,2022-02-19 12:53:17,0 days 00:03:00,pm25,-1.3944808539187548,µg/m³
2369,2000855,947312,Canyon ES (2795),34.03213,-118.51198,2022-02-19 12:58:58,0 days 00:03:00,pm25,-1.1185249278237541,µg/m³
2370,2000855,947312,Canyon ES (2795),34.03213,-118.51198,2022-02-19 13:04:39,0 days 00:03:00,pm25,-1.0593915150891111,µg/m³
2371,2000855,947312,Canyon ES (2795),34.03213,-118.51198,2022-02-19 13:10:20,0 days 00:03:00,pm25,-1.0988137902455397,µg/m³
2372,2000855,947312,Canyon ES (2795),34.03213,-118.51198,2022-02-19 13:16:02,0 days 00:03:00,pm25,-1.3698419319459867,µg/m³
2373,2000855,947312,Canyon ES (2795),34.03213,-118.51198,2022-02-19 13:21:43,0 days 00:03:00,pm25,-1.4289753446806297,µg/m³
2374,2000855,947312,Canyon ES (2795),34.03213,-118.51198,2022-02-19 13:27:24,0 days 00:03:00,pm25,-1.438830913469737,µg/m³
2375,2000855,947312,Canyon ES (2795),34.03213,-118.51198,2022-02-19 13:33:05,0 days 00:03:00,pm25,-1.177658340558397,µg/m³
2376,2000855,947312,Canyon ES (2795),34.03213,-118.51198,2022-02-19 13:38:46,0 days 00:03:00,pm25,-1.2811418128440224,µg/m³
2377,2000855,947312,Canyon ES (2795),34.03213,-118.51198,2022-02-19 13:44:28,0 days 00:03:00,pm25,-1.389553069524201,µg/m³
2378,2000855,947312,Canyon ES (2795),34.03213,-118.51198,2022-02-19 13:50:09,0 days 00:03:00,pm25,-1.1579472029801827,µg/m³
2379,2000855,947312,Canyon ES (2795),34.03213,-118.51198,2022-02-19 13:55:49,0 days 00:03:00,pm25,-1.1973694781366113,µg/m³
2380,2000855,947312,Canyon ES (2795),34.03213,-118.51198,2022-02-19 14:01:31,0 days 00:03:00,pm25,-1.1628749873747362,µg/m³
2381,2000855,947312,Canyon ES (2795),34.03213,-118.51198,2022-02-19 14:07:12,0 days 00:03:00,pm25,-1.2220084001093794,µg/m³
2382,2000855,947312,Canyon ES (2795),34.03213,-118.51198,2022-02-19 14:12:53,0 days 00:03:00,pm25,-1.2220084001093794,µg/m³
2383,2000855,947312,Canyon ES (2795),34.03213,-118.51198,2022-02-19 14:18:38,0 days 00:03:00,pm25,-1.1333082810074147,µg/m³
2384,2000855,947312,Canyon ES (2795),34.03213,-118.51198,2022-02-19 14:24:19,0 days 00:03:00,pm25,-1.2565028908712543,µg/m³
2385,2000855,947312,Canyon ES (2795),34.03213,-118.51198,2022-02-19 14:29:59,0 days 00:03:00,pm25,-1.271286244054915,µg/m³
2386,2000855,947312,Canyon ES (2795),34.03213,-118.51198,2022-02-19 14:35:41,0 days 00:03:00,pm25,-1.2170806157148255,µg/m³
2387,2000855,947312,Canyon ES (2795),34.03213,-118.51198,2022-02-19 14:41:22,0 days 00:03:00,pm25,-1.0791026526673253,µg/m³
2388,2000855,947312,Canyon ES (2795),34.03213,-118.51198,2022-02-19 14:47:03,0 days 00:03:00,pm25,-1.0544637306945572,µg/m³
2389,2000855,947312,Canyon ES (2795),34.03213,-118.51198,2022-02-19 14:52:45,0 days 00:03:00,pm25,-1.3846252851296477,µg/m³
2390,2000855,947312,Canyon ES (2795),34.03213,-118.51198,2022-02-19 14:58:26,0 days 00:03:00,pm25,-0.6750243323139317,µg/m³
2391,2000855,947312,Canyon ES (2795),34.03213,-118.51198,2022-02-19 15:04:07,0 days 00:03:00,pm25,-0.8622801393069677,µg/m³
2392,2000855,947312,Canyon ES (2795),34.03213,-118.51198,2022-02-19 15:09:48,0 days 00:03:00,pm25,-1.3846252851296477,µg/m³
2393,2000855,947312,Canyon ES (2795),34.03213,-118.51198,2022-02-19 15:15:29,0 days 00:03:00,pm25,-1.424047560286076,µg/m³
2394,2000855,947312,Canyon ES (2795),34.03213,-118.51198,2022-02-19 15:21:10,0 days 00:03:00,pm25,-0.9361969052252714,µg/m³
2395,2000855,947312,Canyon ES (2795),34.03213,-118.51198,2022-02-19 15:26:51,0 days 00:03:00,pm25,-1.4683976198370585,µg/m³
2396,2000855,947312,Canyon ES (2795),34.03213,-118.51198,2022-02-19 15:32:39,0 days 00:03:00,pm25,-0.8474967861233068,µg/m³
2397,2000855,947312,Canyon ES (2795),34.03213,-118.51198,2022-02-19 15:38:26,0 days 00:03:00,pm25,-0.9608358271980393,µg/m³
2398,2000855,947312,Canyon ES (2795),34.03213,-118.51198,2022-02-19 15:44:08,0 days 00:03:00,pm25,-1.2170806157148255,µg/m³
2399,2000855,947312,Canyon ES (2795),34.03213,-118.51198,2022-02-19 15:49:52,0 days 00:03:00,pm25,-1.0593915150891111,µg/m³
2400,2000855,947312,Canyon ES (2795),34.03213,-118.51198,2022-02-19 15:55:39,0 days 00:03:00,pm25,-0.9854747491708074,µg/m³
2401,2000855,947312,Canyon ES (2795),34.03213,-118.51198,2022-02-19 16:01:24,0 days 00:03:00,pm25,-1.0495359463000038,µg/m³
2402,2000855,947312,Canyon ES (2795),34.03213,-118.51198,2022-02-19 16:07:05,0 days 00:03:00,pm25,-1.1234527122183076,µg/m³
2403,2000855,947312,Canyon ES (2795),34.03213,-118.51198,2022-02-19 16:12:50,0 days 00:03:00,pm25,-1.212152831320272,µg/m³
2404,2000855,947312,Canyon ES (2795),34.03213,-118.51198,2022-02-19 16:18:34,0 days 00:03:00,pm25,-1.2663584596603614,µg/m³
2405,2000855,947312,Canyon ES (2795),34.03213,-118.51198,2022-02-19 16:24:18,0 days 00:03:00,pm25,-1.0741748682727716,µg/m³
2406,2000855,947312,Canyon ES (2795),34.03213,-118.51198,2022-02-19 16:30:02,0 days 00:03:00,pm25,-0.9904025335653608,µg/m³
2407,2000855,947312,Canyon ES (2795),34.03213,-118.51198,2022-02-19 16:35:47,0 days 00:03:00,pm25,-0.9559080428034857,µg/m³
2408,2000855,947312,Canyon ES (2795),34.03213,-118.51198,2022-02-19 16:41:31,0 days 00:03:00,pm25,-0.8622801393069677,µg/m³
2409,2000855,947312,Canyon ES (2795),34.03213,-118.51198,2022-02-19 16:47:15,0 days 00:03:00,pm25,-0.7193743918649138,µg/m³
2410,2000855,947312,Canyon ES (2795),34.03213,-118.51198,2022-02-19 16:52:59,0 days 00:03:00,pm25,-0.07876242057294808,µg/m³
2411,2000855,947312,Canyon ES (2795),34.03213,-118.51198,2022-02-19 16:58:46,0 days 00:03:00,pm25,0.12820452399830237,µg/m³
2412,2000855,947312,Canyon ES (2795),34.03213,-118.51198,2022-02-19 17:04:30,0 days 00:03:00,pm25,0.15777123036562413,µg/m³
2413,2000855,947312,Canyon ES (2795),34.03213,-118.51198,2022-02-19 17:10:14,0 days 00:03:00,pm25,0.7491053577120542,µg/m³
2414,2000855,947312,Canyon ES (2795),34.03213,-118.51198,2022-02-19 17:15:57,0 days 00:03:00,pm25,0.22183242749482066,µg/m³
2415,2000855,947312,Canyon ES (2795),34.03213,-118.51198,2022-02-19 17:21:40,0 days 00:03:00,pm25,-0.07876242057294808,µg/m³
2416,2000855,947312,Canyon ES (2795),34.03213,-118.51198,2022-02-19 17:27:24,0 days 00:03:00,pm25,0.009937698529016721,µg/m³
2417,2000855,947312,Canyon ES (2795),34.03213,-118.51198,2022-02-19 17:33:04,0 days 00:03:00,pm25,0.45836607843339244,µg/m³
2418,2000855,947312,Canyon ES (2795),34.03213,-118.51198,2022-02-19 17:38:48,0 days 00:03:00,pm25,0.3253158997804459,µg/m³
2419,2000855,947312,Canyon ES (2795),34.03213,-118.51198,2022-02-19 17:44:34,0 days 00:03:00,pm25,0.4189438032769642,µg/m³
2420,2000855,947312,Canyon ES (2795),34.03213,-118.51198,2022-02-19 17:50:18,0 days 00:03:00,pm25,0.5322828443516964,µg/m³
2421,2000855,947312,Canyon ES (2795),34.03213,-118.51198,2022-02-19 17:56:05,0 days 00:03:00,pm25,0.0444321892908915,µg/m³
2422,2000855,947312,Canyon ES (2795),34.03213,-118.51198,2022-02-19 18:01:51,0 days 00:03:00,pm25,0.3548826061477672,µg/m³
2423,2000855,947312,Canyon ES (2795),34.03213,-118.51198,2022-02-19 18:07:34,0 days 00:03:00,pm25,0.3598103905423211,µg/m³
2424,2000855,947312,Canyon ES (2795),34.03213,-118.51198,2022-02-19 18:13:18,0 days 00:03:00,pm25,0.09863781763098108,µg/m³
2425,2000855,947312,Canyon ES (2795),34.03213,-118.51198,2022-02-19 18:19:01,0 days 00:03:00,pm25,0.4287993720660711,µg/m³
2426,2000855,947312,Canyon ES (2795),34.03213,-118.51198,2022-02-19 18:24:44,0 days 00:03:00,pm25,0.3253158997804459,µg/m³
2427,2000855,947312,Canyon ES (2795),34.03213,-118.51198,2022-02-19 18:30:28,0 days 00:03:00,pm25,0.4189438032769642,µg/m³
2428,2000855,947312,Canyon ES (2795),34.03213,-118.51198,2022-02-19 18:36:14,0 days 00:03:00,pm25,0.5273550599571428,µg/m³
2429,2000855,947312,Canyon ES (2795),34.03213,-118.51198,2022-02-19 18:41:57,0 days 00:03:00,pm25,0.6061996102700002,µg/m³
2430,2000855,947312,Canyon ES (2795),34.03213,-118.51198,2022-02-19 18:47:40,0 days 00:03:00,pm25,0.49286056919526766,µg/m³
2431,2000855,947312,Canyon ES (2795),34.03213,-118.51198,2022-02-19 18:53:24,0 days 00:03:00,pm25,0.31546033099133847,µg/m³
2432,2000855,947312,Canyon ES (2795),34.03213,-118.51198,2022-02-19 18:59:07,0 days 00:03:00,pm25,0.7244664357392859,µg/m³
2433,2000855,947312,Canyon ES (2795),34.03213,-118.51198,2022-02-19 19:04:50,0 days 00:03:00,pm25,0.4287993720660711,µg/m³
2434,2000855,947312,Canyon ES (2795),34.03213,-118.51198,2022-02-19 19:10:34,0 days 00:03:00,pm25,0.3253158997804459,µg/m³
2435,2000855,947312,Canyon ES (2795),34.03213,-118.51198,2022-02-19 19:16:20,0 days 00:03:00,pm25,0.5667773351135715,µg/m³
2436,2000855,947312,Canyon ES (2795),34.03213,-118.51198,2022-02-19 19:22:04,0 days 00:03:00,pm25,0.6751885917937502,µg/m³
2437,2000855,947312,Canyon ES (2795),34.03213,-118.51198,2022-02-19 19:27:47,0 days 00:03:00,pm25,0.34502703735866025,µg/m³
2438,2000855,947312,Canyon ES (2795),34.03213,-118.51198,2022-02-19 19:33:31,0 days 00:03:00,pm25,0.21197685870571326,µg/m³
2439,2000855,947312,Canyon ES (2795),34.03213,-118.51198,2022-02-19 19:39:11,0 days 00:03:00,pm25,0.15777123036562413,µg/m³
2440,2000855,947312,Canyon ES (2795),34.03213,-118.51198,2022-02-19 19:44:55,0 days 00:03:00,pm25,0.2021212899166063,µg/m³
2441,2000855,947312,Canyon ES (2795),34.03213,-118.51198,2022-02-19 19:50:38,0 days 00:03:00,pm25,0.4780772160116068,µg/m³
2442,2000855,947312,Canyon ES (2795),34.03213,-118.51198,2022-02-19 19:56:21,0 days 00:03:00,pm25,0.7885276328684829,µg/m³
2443,2000855,947312,Canyon ES (2795),34.03213,-118.51198,2022-02-19 20:02:05,0 days 00:03:00,pm25,0.9462167334941972,µg/m³
2444,2000855,947312,Canyon ES (2795),34.03213,-118.51198,2022-02-19 20:07:48,0 days 00:03:00,pm25,1.4981285856841986,µg/m³
2445,2000855,947312,Canyon ES (2795),34.03213,-118.51198,2022-02-19 20:13:31,0 days 00:03:00,pm25,2.084534928636075,µg/m³
2446,2000855,947312,Canyon ES (2795),34.03213,-118.51198,2022-02-19 20:19:14,0 days 00:03:00,pm25,2.3802019923092903,µg/m³
2447,2000855,947312,Canyon ES (2795),34.03213,-118.51198,2022-02-19 20:24:57,0 days 00:03:00,pm25,2.661085702798844,µg/m³
2448,2000855,947312,Canyon ES (2795),34.03213,-118.51198,2022-02-19 20:30:41,0 days 00:03:00,pm25,2.0204737315068786,µg/m³
2449,2000855,947312,Canyon ES (2795),34.03213,-118.51198,2022-02-19 20:36:24,0 days 00:03:00,pm25,2.375274207914736,µg/m³
2450,2000855,947312,Canyon ES (2795),34.03213,-118.51198,2022-02-19 20:42:10,0 days 00:03:00,pm25,1.3601506226366986,µg/m³
2451,2000855,947312,Canyon ES (2795),34.03213,-118.51198,2022-02-19 20:47:54,0 days 00:03:00,pm25,1.0841946965416978,µg/m³
2452,2000855,947312,Canyon ES (2795),34.03213,-118.51198,2022-02-19 20:53:40,0 days 00:03:00,pm25,1.3453672694530374,µg/m³
2453,2000855,947312,Canyon ES (2795),34.03213,-118.51198,2022-02-19 20:59:23,0 days 00:03:00,pm25,1.0743391277525907,µg/m³
2454,2000855,947312,Canyon ES (2795),34.03213,-118.51198,2022-02-19 21:05:10,0 days 00:03:00,pm25,1.1384003248817869,µg/m³
2455,2000855,947312,Canyon ES (2795),34.03213,-118.51198,2022-02-19 21:10:56,0 days 00:03:00,pm25,0.8870833207595542,µg/m³
2456,2000855,947312,Canyon ES (2795),34.03213,-118.51198,2022-02-19 21:16:39,0 days 00:03:00,pm25,0.9215778115214295,µg/m³
2457,2000855,947312,Canyon ES (2795),34.03213,-118.51198,2022-02-19 21:22:22,0 days 00:03:00,pm25,1.236956012772859,µg/m³
2458,2000855,947312,Canyon ES (2795),34.03213,-118.51198,2022-02-19 21:28:06,0 days 00:03:00,pm25,1.3798617602149126,µg/m³
2459,2000855,947312,Canyon ES (2795),34.03213,-118.51198,2022-02-19 21:33:49,0 days 00:03:00,pm25,1.3798617602149126,µg/m³
2460,2000855,947312,Canyon ES (2795),34.03213,-118.51198,2022-02-19 21:39:32,0 days 00:03:00,pm25,1.108833618514466,µg/m³
2461,2000855,947312,Canyon ES (2795),34.03213,-118.51198,2022-02-19 21:45:16,0 days 00:03:00,pm25,1.2221726595891977,µg/m³
2462,2000855,947312,Canyon ES (2795),34.03213,-118.51198,2022-02-19 21:51:02,0 days 00:03:00,pm25,1.448850741738663,µg/m³
2463,2000855,947312,Canyon ES (2795),34.03213,-118.51198,2022-02-19 21:56:42,0 days 00:03:00,pm25,1.0694113433580372,µg/m³
2464,2000855,947312,Canyon ES (2795),34.03213,-118.51198,2022-02-19 22:02:23,0 days 00:03:00,pm25,1.2024615220109838,µg/m³
2465,2000855,947312,Canyon ES (2795),34.03213,-118.51198,2022-02-19 22:08:09,0 days 00:03:00,pm25,1.0102779306233938,µg/m³
2466,2000855,947312,Canyon ES (2795),34.03213,-118.51198,2022-02-19 22:13:53,0 days 00:03:00,pm25,0.8575166143922329,µg/m³
2467,2000855,947312,Canyon ES (2795),34.03213,-118.51198,2022-02-19 22:19:33,0 days 00:03:00,pm25,0.7392497889229468,µg/m³
2468,2000855,947312,Canyon ES (2795),34.03213,-118.51198,2022-02-19 22:25:14,0 days 00:03:00,pm25,1.3995728977931272,µg/m³
2469,2000855,947312,Canyon ES (2795),34.03213,-118.51198,2022-02-19 22:30:57,0 days 00:03:00,pm25,1.2714505035347343,µg/m³
2470,2000855,947312,Canyon ES (2795),34.03213,-118.51198,2022-02-19 22:36:41,0 days 00:03:00,pm25,0.8328776924194651,µg/m³
2471,2000855,947312,Canyon ES (2795),34.03213,-118.51198,2022-02-19 22:42:24,0 days 00:03:00,pm25,0.9511445178887508,µg/m³
2472,2000855,947312,Canyon ES (2795),34.03213,-118.51198,2022-02-19 22:48:11,0 days 00:03:00,pm25,0.8427332612085721,µg/m³
2473,2000855,947312,Canyon ES (2795),34.03213,-118.51198,2022-02-19 22:53:55,0 days 00:03:00,pm25,0.7786720640793755,µg/m³
2474,2000855,947312,Canyon ES (2795),34.03213,-118.51198,2022-02-19 22:59:38,0 days 00:03:00,pm25,1.0841946965416978,µg/m³
2475,2000855,947312,Canyon ES (2795),34.03213,-118.51198,2022-02-19 23:05:21,0 days 00:03:00,pm25,0.7293942201338398,µg/m³
2476,2000855,947312,Canyon ES (2795),34.03213,-118.51198,2022-02-19 23:11:05,0 days 00:03:00,pm25,0.7047552981610716,µg/m³
2477,2000855,947312,Canyon ES (2795),34.03213,-118.51198,2022-02-19 23:16:48,0 days 00:03:00,pm25,0.6505496698209825,µg/m³
2478,2000855,947312,Canyon ES (2795),34.03213,-118.51198,2022-02-19 23:22:32,0 days 00:03:00,pm25,0.5421384131408037,µg/m³
2479,2000855,947312,Canyon ES (2795),34.03213,-118.51198,2022-02-19 23:28:15,0 days 00:03:00,pm25,0.7047552981610716,µg/m³
2480,2000855,947312,Canyon ES (2795),34.03213,-118.51198,2022-02-19 23:34:02,0 days 00:03:00,pm25,0.6308385322427681,µg/m³
2481,2000855,947312,Canyon ES (2795),34.03213,-118.51198,2022-02-19 23:39:46,0 days 00:03:00,pm25,0.45836607843339244,µg/m³
2482,2000855,947312,Canyon ES (2795),34.03213,-118.51198,2022-02-19 23:45:30,0 days 00:03:00,pm25,0.5519939819299107,µg/m³
2483,2000855,947312,Canyon ES (2795),34.03213,-118.51198,2022-02-19 23:51:14,0 days 00:03:00,pm25,0.5717051195081251,µg/m³
2484,2000855,947312,Canyon ES (2795),34.03213,-118.51198,2022-02-19 23:56:58,0 days 00:03:00,pm25,0.22676021188937415,µg/m³
2485,2000855,947312,Canyon ES (2795),34.03213,-118.51198,2022-02-20 00:02:41,0 days 00:03:00,pm25,0.34502703735866025,µg/m³
2486,2000855,947312,Canyon ES (2795),34.03213,-118.51198,2022-02-20 00:08:25,0 days 00:03:00,pm25,0.4041604500933033,µg/m³
2487,2000855,947312,Canyon ES (2795),34.03213,-118.51198,2022-02-20 00:14:09,0 days 00:03:00,pm25,0.7491053577120542,µg/m³
2488,2000855,947312,Canyon ES (2795),34.03213,-118.51198,2022-02-20 00:19:52,0 days 00:03:00,pm25,0.5717051195081251,µg/m³
2489,2000855,947312,Canyon ES (2795),34.03213,-118.51198,2022-02-20 00:25:36,0 days 00:03:00,pm25,1.3749339758203591,µg/m³
2490,2000855,947312,Canyon ES (2795),34.03213,-118.51198,2022-02-20 00:31:20,0 days 00:03:00,pm25,0.41401601888241024,µg/m³
2491,2000855,947312,Canyon ES (2795),34.03213,-118.51198,2022-02-20 00:37:04,0 days 00:03:00,pm25,0.7638887108957146,µg/m³
2492,2000855,947312,Canyon ES (2795),34.03213,-118.51198,2022-02-20 00:42:48,0 days 00:03:00,pm25,0.512571706773482,µg/m³
2493,2000855,947312,Canyon ES (2795),34.03213,-118.51198,2022-02-20 00:48:31,0 days 00:03:00,pm25,0.29574919341312456,µg/m³
2494,2000855,947312,Canyon ES (2795),34.03213,-118.51198,2022-02-20 00:54:12,0 days 00:03:00,pm25,0.6259107478482147,µg/m³
2495,2000855,947312,Canyon ES (2795),34.03213,-118.51198,2022-02-20 00:59:56,0 days 00:03:00,pm25,0.3647381749368746,µg/m³
2496,2000855,947312,Canyon ES (2795),34.03213,-118.51198,2022-02-20 01:05:43,0 days 00:03:00,pm25,0.7441775733175002,µg/m³
2497,2000855,947312,Canyon ES (2795),34.03213,-118.51198,2022-02-20 01:11:30,0 days 00:03:00,pm25,0.2858936246240172,µg/m³
2498,2000855,947312,Canyon ES (2795),34.03213,-118.51198,2022-02-20 01:17:14,0 days 00:03:00,pm25,0.3992326656987498,µg/m³
2499,2000855,947312,Canyon ES (2795),34.03213,-118.51198,2022-02-20 01:22:58,0 days 00:03:00,pm25,1.236956012772859,µg/m³
2500,2000855,947312,Canyon ES (2795),34.03213,-118.51198,2022-02-20 01:28:42,0 days 00:03:00,pm25,0.7540331421066077,µg/m³
2501,2000855,947312,Canyon ES (2795),34.03213,-118.51198,2022-02-20 01:34:25,0 days 00:03:00,pm25,0.5667773351135715,µg/m³
2502,2000855,947312,Canyon ES (2795),34.03213,-118.51198,2022-02-20 01:40:09,0 days 00:03:00,pm25,0.6604052386100894,µg/m³
2503,2000855,947312,Canyon ES (2795),34.03213,-118.51198,2022-02-20 01:45:53,0 days 00:03:00,pm25,0.7343220045283934,µg/m³
2504,2000855,947312,Canyon ES (2795),34.03213,-118.51198,2022-02-20 01:51:36,0 days 00:03:00,pm25,0.6653330230046434,µg/m³
2505,2000855,947312,Canyon ES (2795),34.03213,-118.51198,2022-02-20 01:57:20,0 days 00:03:00,pm25,2.606880074458755,µg/m³
2506,2000855,947312,Canyon ES (2795),34.03213,-118.51198,2022-02-20 02:03:03,0 days 00:03:00,pm25,2.9124027069210765,µg/m³
2507,2000855,947312,Canyon ES (2795),34.03213,-118.51198,2022-02-20 02:08:47,0 days 00:03:00,pm25,2.3703464235201825,µg/m³
2508,2000855,947312,Canyon ES (2795),34.03213,-118.51198,2022-02-20 02:14:31,0 days 00:03:00,pm25,0.7441775733175002,µg/m³
2509,2000855,947312,Canyon ES (2795),34.03213,-118.51198,2022-02-20 02:20:18,0 days 00:03:00,pm25,0.6899719449774111,µg/m³
2510,2000855,947312,Canyon ES (2795),34.03213,-118.51198,2022-02-20 02:26:05,0 days 00:03:00,pm25,1.5572619984188412,µg/m³
2511,2000855,947312,Canyon ES (2795),34.03213,-118.51198,2022-02-20 02:31:48,0 days 00:03:00,pm25,1.0841946965416978,µg/m³
2512,2000855,947312,Canyon ES (2795),34.03213,-118.51198,2022-02-20 02:37:32,0 days 00:03:00,pm25,1.5720453516025026,µg/m³
2513,2000855,947312,Canyon ES (2795),34.03213,-118.51198,2022-02-20 02:43:16,0 days 00:03:00,pm25,1.5523342140242877,µg/m³
2514,2000855,947312,Canyon ES (2795),34.03213,-118.51198,2022-02-20 02:49:00,0 days 00:03:00,pm25,1.236956012772859,µg/m³
2515,2000855,947312,Canyon ES (2795),34.03213,-118.51198,2022-02-20 02:54:43,0 days 00:03:00,pm25,0.8722999675758938,µg/m³
2516,2000855,947312,Canyon ES (2795),34.03213,-118.51198,2022-02-20 03:00:27,0 days 00:03:00,pm25,1.6114676267589312,µg/m³
2517,2000855,947312,Canyon ES (2795),34.03213,-118.51198,2022-02-20 03:06:11,0 days 00:03:00,pm25,1.9958348095341105,µg/m³
2518,2000855,947312,Canyon ES (2795),34.03213,-118.51198,2022-02-20 03:11:51,0 days 00:03:00,pm25,1.7297344522282174,µg/m³
2519,2000855,947312,Canyon ES (2795),34.03213,-118.51198,2022-02-20 03:17:36,0 days 00:03:00,pm25,0.9659278710724116,µg/m³
2520,2000855,947312,Canyon ES (2795),34.03213,-118.51198,2022-02-20 03:23:19,0 days 00:03:00,pm25,0.8033109860521433,µg/m³
2521,2000855,947312,Canyon ES (2795),34.03213,-118.51198,2022-02-20 03:29:03,0 days 00:03:00,pm25,0.3943048813041959,µg/m³
2522,2000855,947312,Canyon ES (2795),34.03213,-118.51198,2022-02-20 03:34:46,0 days 00:03:00,pm25,0.6505496698209825,µg/m³
2523,2000855,947312,Canyon ES (2795),34.03213,-118.51198,2022-02-20 03:40:30,0 days 00:03:00,pm25,0.14791566157651673,µg/m³
2524,2000855,947312,Canyon ES (2795),34.03213,-118.51198,2022-02-20 03:46:11,0 days 00:03:00,pm25,0.4189438032769642,µg/m³
2525,2000855,947312,Canyon ES (2795),34.03213,-118.51198,2022-02-20 03:51:58,0 days 00:03:00,pm25,0.06907111126365933,µg/m³
2526,2000855,947312,Canyon ES (2795),34.03213,-118.51198,2022-02-20 03:57:54,0 days 00:03:00,pm25,0.2316879962839276,µg/m³
2527,2000855,947312,Canyon ES (2795),34.03213,-118.51198,2022-02-20 04:03:38,0 days 00:03:00,pm25,1.0299890682016082,µg/m³
2528,2000855,947312,Canyon ES (2795),34.03213,-118.51198,2022-02-20 04:09:21,0 days 00:03:00,pm25,0.3893770969096424,µg/m³
2529,2000855,947312,Canyon ES (2795),34.03213,-118.51198,2022-02-20 04:15:05,0 days 00:03:00,pm25,1.1285447560926798,µg/m³
2530,2000855,947312,Canyon ES (2795),34.03213,-118.51198,2022-02-20 04:20:49,0 days 00:03:00,pm25,0.7096830825556255,µg/m³
2531,2000855,947312,Canyon ES (2795),34.03213,-118.51198,2022-02-20 04:26:33,0 days 00:03:00,pm25,1.000422361834287,µg/m³
2532,2000855,947312,Canyon ES (2795),34.03213,-118.51198,2022-02-20 04:32:14,0 days 00:03:00,pm25,1.182750384432769,µg/m³
2533,2000855,947312,Canyon ES (2795),34.03213,-118.51198,2022-02-20 04:38:01,0 days 00:03:00,pm25,1.3059449942966086,µg/m³
2534,2000855,947312,Canyon ES (2795),34.03213,-118.51198,2022-02-20 04:43:47,0 days 00:03:00,pm25,0.8180943392358042,µg/m³
2535,2000855,947312,Canyon ES (2795),34.03213,-118.51198,2022-02-20 04:49:28,0 days 00:03:00,pm25,1.153183678065448,µg/m³
2536,2000855,947312,Canyon ES (2795),34.03213,-118.51198,2022-02-20 04:55:15,0 days 00:03:00,pm25,1.256667150351073,µg/m³
2537,2000855,947312,Canyon ES (2795),34.03213,-118.51198,2022-02-20 05:00:59,0 days 00:03:00,pm25,7.9141038673929645,µg/m³
2538,2000855,947312,Canyon ES (2795),34.03213,-118.51198,2022-02-20 05:06:43,0 days 00:03:00,pm25,2.513252170962237,µg/m³
2539,2000855,947312,Canyon ES (2795),34.03213,-118.51198,2022-02-20 05:12:27,0 days 00:03:00,pm25,1.5523342140242877,µg/m³
2540,2000855,947312,Canyon ES (2795),34.03213,-118.51198,2022-02-20 05:18:11,0 days 00:03:00,pm25,1.7050955302554491,µg/m³
2541,2000855,947312,Canyon ES (2795),34.03213,-118.51198,2022-02-20 05:23:55,0 days 00:03:00,pm25,0.7737442796848221,µg/m³
2542,2000855,947312,Canyon ES (2795),34.03213,-118.51198,2022-02-20 05:29:41,0 days 00:03:00,pm25,1.182750384432769,µg/m³
2543,2000855,947312,Canyon ES (2795),34.03213,-118.51198,2022-02-20 05:35:22,0 days 00:03:00,pm25,1.2615949347456263,µg/m³
2544,2000855,947312,Canyon ES (2795),34.03213,-118.51198,2022-02-20 05:41:03,0 days 00:03:00,pm25,1.172894815643662,µg/m³
2545,2000855,947312,Canyon ES (2795),34.03213,-118.51198,2022-02-20 05:46:47,0 days 00:03:00,pm25,0.8082387704466968,µg/m³
2546,2000855,947312,Canyon ES (2795),34.03213,-118.51198,2022-02-20 05:52:34,0 days 00:03:00,pm25,0.9462167334941972,µg/m³
2547,2000855,947312,Canyon ES (2795),34.03213,-118.51198,2022-02-20 05:58:18,0 days 00:03:00,pm25,0.9560723022833046,µg/m³
2548,2000855,947312,Canyon ES (2795),34.03213,-118.51198,2022-02-20 06:04:02,0 days 00:03:00,pm25,1.4734896637114303,µg/m³
2549,2000855,947312,Canyon ES (2795),34.03213,-118.51198,2022-02-20 06:09:46,0 days 00:03:00,pm25,1.1630392468545552,µg/m³
2550,2000855,947312,Canyon ES (2795),34.03213,-118.51198,2022-02-20 06:15:27,0 days 00:03:00,pm25,1.98105145635045,µg/m³
2551,2000855,947312,Canyon ES (2795),34.03213,-118.51198,2022-02-20 06:21:08,0 days 00:03:00,pm25,1.3059449942966086,µg/m³
2552,2000855,947312,Canyon ES (2795),34.03213,-118.51198,2022-02-20 06:26:48,0 days 00:03:00,pm25,1.6804566082826808,µg/m³
2553,2000855,947312,Canyon ES (2795),34.03213,-118.51198,2022-02-20 06:32:35,0 days 00:03:00,pm25,1.65088990191536,µg/m³
2554,2000855,947312,Canyon ES (2795),34.03213,-118.51198,2022-02-20 06:38:16,0 days 00:03:00,pm25,0.9807112242560725,µg/m³
2555,2000855,947312,Canyon ES (2795),34.03213,-118.51198,2022-02-20 06:44:03,0 days 00:03:00,pm25,1.5523342140242877,µg/m³
2556,2000855,947312,Canyon ES (2795),34.03213,-118.51198,2022-02-20 06:49:43,0 days 00:03:00,pm25,2.128884988187057,µg/m³
2557,2000855,947312,Canyon ES (2795),34.03213,-118.51198,2022-02-20 06:56:01,0 days 00:03:00,pm25,1.2517393659565195,µg/m³
2558,2000855,947312,Canyon ES (2795),34.03213,-118.51198,2022-02-20 07:01:41,0 days 00:03:00,pm25,1.2763782879292878,µg/m³
2559,2000855,947312,Canyon ES (2795),34.03213,-118.51198,2022-02-20 07:07:22,0 days 00:03:00,pm25,0.8969388895486616,µg/m³
2560,2000855,947312,Canyon ES (2795),34.03213,-118.51198,2022-02-20 07:13:06,0 days 00:03:00,pm25,0.9610000866778582,µg/m³
2561,2000855,947312,Canyon ES (2795),34.03213,-118.51198,2022-02-20 07:18:53,0 days 00:03:00,pm25,0.7244664357392859,µg/m³
2562,2000855,947312,Canyon ES (2795),34.03213,-118.51198,2022-02-20 07:24:37,0 days 00:03:00,pm25,0.34009925296410676,µg/m³
2563,2000855,947312,Canyon ES (2795),34.03213,-118.51198,2022-02-20 07:30:18,0 days 00:03:00,pm25,0.024721051712677154,µg/m³
2564,2000855,947312,Canyon ES (2795),34.03213,-118.51198,2022-02-20 07:35:59,0 days 00:03:00,pm25,0.2563269182566959,µg/m³
2565,2000855,947312,Canyon ES (2795),34.03213,-118.51198,2022-02-20 07:41:43,0 days 00:03:00,pm25,0.039504404896338025,µg/m³
2566,2000855,947312,Canyon ES (2795),34.03213,-118.51198,2022-02-20 07:47:27,0 days 00:03:00,pm25,-0.14775140209669807,µg/m³
2567,2000855,947312,Canyon ES (2795),34.03213,-118.51198,2022-02-20 07:53:07,0 days 00:03:00,pm25,0.03457662050178455,µg/m³
2568,2000855,947312,Canyon ES (2795),34.03213,-118.51198,2022-02-20 07:58:48,0 days 00:03:00,pm25,0.3893770969096424,µg/m³
2569,2000855,947312,Canyon ES (2795),34.03213,-118.51198,2022-02-20 08:04:29,0 days 00:03:00,pm25,-0.10832912694026937,µg/m³
2570,2000855,947312,Canyon ES (2795),34.03213,-118.51198,2022-02-20 08:10:16,0 days 00:03:00,pm25,0.11834895520919543,µg/m³
2571,2000855,947312,Canyon ES (2795),34.03213,-118.51198,2022-02-20 08:15:56,0 days 00:03:00,pm25,-0.13789583330759111,µg/m³
2572,2000855,947312,Canyon ES (2795),34.03213,-118.51198,2022-02-20 08:21:37,0 days 00:03:00,pm25,-0.004845654654644151,µg/m³
2573,2000855,947312,Canyon ES (2795),34.03213,-118.51198,2022-02-20 08:27:18,0 days 00:03:00,pm25,0.3598103905423211,µg/m³
2574,2000855,947312,Canyon ES (2795),34.03213,-118.51198,2022-02-20 08:32:59,0 days 00:03:00,pm25,-0.12804026451848374,µg/m³
2575,2000855,947312,Canyon ES (2795),34.03213,-118.51198,2022-02-20 08:38:40,0 days 00:03:00,pm25,0.2563269182566959,µg/m³
2576,2000855,947312,Canyon ES (2795),34.03213,-118.51198,2022-02-20 08:44:21,0 days 00:03:00,pm25,0.27603805583491026,µg/m³
2577,2000855,947312,Canyon ES (2795),34.03213,-118.51198,2022-02-20 08:50:02,0 days 00:03:00,pm25,0.049359973685445424,µg/m³
2578,2000855,947312,Canyon ES (2795),34.03213,-118.51198,2022-02-20 08:55:43,0 days 00:03:00,pm25,0.3647381749368746,µg/m³
2579,2000855,947312,Canyon ES (2795),34.03213,-118.51198,2022-02-20 09:01:24,0 days 00:03:00,pm25,0.14298787718196326,µg/m³
2580,2000855,947312,Canyon ES (2795),34.03213,-118.51198,2022-02-20 09:07:05,0 days 00:03:00,pm25,0.14298787718196326,µg/m³
2581,2000855,947312,Canyon ES (2795),34.03213,-118.51198,2022-02-20 09:12:46,0 days 00:03:00,pm25,0.10849338642008803,µg/m³
2582,2000855,947312,Canyon ES (2795),34.03213,-118.51198,2022-02-20 09:18:27,0 days 00:03:00,pm25,-0.16253475528035896,µg/m³
2583,2000855,947312,Canyon ES (2795),34.03213,-118.51198,2022-02-20 09:24:08,0 days 00:03:00,pm25,-0.221668168015002,µg/m³
2584,2000855,947312,Canyon ES (2795),34.03213,-118.51198,2022-02-20 09:29:55,0 days 00:03:00,pm25,0.30067697780767805,µg/m³
2585,2000855,947312,Canyon ES (2795),34.03213,-118.51198,2022-02-20 09:35:36,0 days 00:03:00,pm25,-0.09354577375660851,µg/m³
2586,2000855,947312,Canyon ES (2795),34.03213,-118.51198,2022-02-20 09:41:22,0 days 00:03:00,pm25,0.10356560202553455,µg/m³
2587,2000855,947312,Canyon ES (2795),34.03213,-118.51198,2022-02-20 09:47:03,0 days 00:03:00,pm25,-0.34486277787884156,µg/m³
2588,2000855,947312,Canyon ES (2795),34.03213,-118.51198,2022-02-20 09:52:44,0 days 00:03:00,pm25,-0.20688481483134114,µg/m³
2589,2000855,947312,Canyon ES (2795),34.03213,-118.51198,2022-02-20 09:58:25,0 days 00:03:00,pm25,0.0050099141344628045,µg/m³
2590,2000855,947312,Canyon ES (2795),34.03213,-118.51198,2022-02-20 10:04:06,0 days 00:03:00,pm25,-0.18224589285857332,µg/m³
2591,2000855,947312,Canyon ES (2795),34.03213,-118.51198,2022-02-20 10:09:47,0 days 00:03:00,pm25,-0.41877954379714505,µg/m³
2592,2000855,947312,Canyon ES (2795),34.03213,-118.51198,2022-02-20 10:15:28,0 days 00:03:00,pm25,-0.05905128299473372,µg/m³
2593,2000855,947312,Canyon ES (2795),34.03213,-118.51198,2022-02-20 10:21:12,0 days 00:03:00,pm25,-0.3300794246951807,µg/m³
2594,2000855,947312,Canyon ES (2795),34.03213,-118.51198,2022-02-20 10:26:56,0 days 00:03:00,pm25,-0.11818469572937677,µg/m³
2595,2000855,947312,Canyon ES (2795),34.03213,-118.51198,2022-02-20 10:32:37,0 days 00:03:00,pm25,-0.3350072090897342,µg/m³
2596,2000855,947312,Canyon ES (2795),34.03213,-118.51198,2022-02-20 10:38:19,0 days 00:03:00,pm25,-0.44834625016446683,µg/m³
2597,2000855,947312,Canyon ES (2795),34.03213,-118.51198,2022-02-20 10:44:00,0 days 00:03:00,pm25,-0.20688481483134114,µg/m³
2598,2000855,947312,Canyon ES (2795),34.03213,-118.51198,2022-02-20 10:49:41,0 days 00:03:00,pm25,-0.3695016998516094,µg/m³
2599,2000855,947312,Canyon ES (2795),34.03213,-118.51198,2022-02-20 10:55:22,0 days 00:03:00,pm25,-0.5124074472936634,µg/m³
2600,2000855,947312,Canyon ES (2795),34.03213,-118.51198,2022-02-20 11:01:03,0 days 00:03:00,pm25,-0.45327403455902027,µg/m³
